{"type":"FeatureCollection","features":[{"type":"Feature","geometry":{"type":"Polygon","coordinates":[[[147.0,-6.75],[147.25,-6.75],[147.25,-6.5],[147.0,-6.5],[147.0,-6.75]]]},"properties":{"records":865,"species":158,"genera":55,"families":0,"top_genera":[["Ficus",416],["Mucuna",43],["Passiflora",36],["Crotalaria",33],["Hibiscus",29]],"top_species":[["Ficus hesperidiiformis",37],["Ficus subulata",30],["Gnetum gnemon",23],["Passiflora hollrungii",16],["Cassia javanica",15]],"center":[-6.625,147.125]}},{"type":"Feature","geometry":{"type":"Polygon","coordinates":[[[146.75,-6.75],[147.0,-6.75],[147.0,-6.5],[146.75,-6.5],[146.75,-6.75]]]},"properties":{"records":833,"species":144,"genera":58,"families":0,"top_genera":[["Ficus",316],["Trichosanthes",56],["Cissus",48],["Solanum",48],["Gnetum",44]],"top_species":[["Gnetum gnemon",44],["Ficus subulata",35],["Cissus discolor",30],["Momordica cochinchinensis",22],["Solanum dunalianum",18]],"center":[-6.625,146.875]}},{"type":"Feature","geometry":{"type":"Polygon","coordinates":[[[146.5,-7.25],[146.75,-7.25],[146.75,-7.0],[146.5,-7.0],[146.5,-7.25]]]},"properties":{"records":774,"species":144,"genera":48,"families":0,"top_genera":[["Ficus",301],["Solanum",90],["Crotalaria",38],["Passiflora",36],["Trichosanthes",33]],"top_species":[["Ficus subulata",30],["Gnetum gnemon",27],["Ficus adenosperma",15],["Amaranthus dubius",14],["Solanum erianthum",13]],"center":[-7.125,146.625]}},{"type":"Feature","geometry":{"type":"Polygon","coordinates":[[[147.0,-9.5],[147.25,-9.5],[147.25,-9.25],[147.0,-9.25],[147.0,-9.5]]]},"properties":{"records":486,"species":98,"genera":50,"families":0,"top_genera":[["Glycine",113],["Ficus",57],["Albizia",41],["Crotalaria",37],["Passiflora",32]],"top_species":[["Glycine tomentella",113],["Albizia carrii",26],["Passiflora aurantia",18],["Ficus opposita",16],["Ludwigia octovalvis",13]],"center":[-9.375,147.125]}},{"type":"Feature","geometry":{"type":"Polygon","coordinates":[[[147.25,-9.5],[147.5,-9.5],[147.5,-9.25],[147.25,-9.25],[147.25,-9.5]]]},"properties":{"records":474,"species":123,"genera":52,"families":0,"top_genera":[["Ficus",224],["Passiflora",32],["Crotalaria",23],["Gnetum",22],["Solanum",22]],"top_species":[["Passiflora aurantia",26],["Gnetum gnemon",22],["Ficus benjamina",19],["Ficus baeuerlenii",11],["Ficus microcarpa",11]],"center":[-9.375,147.375]}},{"type":"Feature","geometry":{"type":"Polygon","coordinates":[[[147.5,-9.25],[147.75,-9.25],[147.75,-9.0],[147.5,-9.0],[147.5,-9.25]]]},"properties":{"records":434,"species":82,"genera":23,"families":0,"top_genera":[["Ficus",274],["Solanum",57],["Passiflora",17],["Angiopteris",14],["Crotalaria",11]],"top_species":[["Ficus subulata",28],["Ficus septica",14],["Angiopteris evecta",14],["Ficus disticha",13],["Ficus pantoniana",12]],"center":[-9.125,147.625]}},{"type":"Feature","geometry":{"type":"Polygon","coordinates":[[[145.5,-5.25],[145.75,-5.25],[145.75,-5.0],[145.5,-5.0],[145.5,-5.25]]]},"properties":{"records":301,"species":67,"genera":13,"families":0,"top_genera":[["Ficus",263],["Ipomoea",6],["Hibiscus",6],["Mucuna",6],["Gnetum",5]],"top_species":[["Ficus bernaysii",13],["Ficus mollior",12],["Ficus septica",11],["Ficus variegata",10],["Ficus hispida",10]],"center":[-5.125,145.625]}},{"type":"Feature","geometry":{"type":"Polygon","coordinates":[[[142.5,-4.25],[142.75,-4.25],[142.75,-4.0],[142.5,-4.0],[142.5,-4.25]]]},"properties":{"records":267,"species":41,"genera":13,"families":0,"top_genera":[["Ficus",217],["Passiflora",11],["Canavalia",8],["Mucuna",7],["Momordica",6]],"top_species":[["Ficus odoardi",16],["Ficus benjamina",14],["Ficus subcuneata",12],["Ficus ribes",12],["Passiflora aurantioides",11]],"center":[-4.125,142.625]}},{"type":"Feature","geometry":{"type":"Polygon","coordinates":[[[147.5,-9.0],[147.75,-9.0],[147.75,-8.75],[147.5,-8.75],[147.5,-9.0]]]},"properties":{"records":256,"species":66,"genera":20,"families":0,"top_genera":[["Ficus",201],["Solanum",16],["Crotalaria",8],["Trichosanthes",6],["Mucuna",6]],"top_species":[["Ficus subulata",23],["Ficus adenosperma",13],["Ficus bernaysii",13],["Ficus trichocerasa",13],["Ficus ribes",11]],"center":[-8.875,147.625]}},{"type":"Feature","geometry":{"type":"Polygon","coordinates":[[[146.5,-7.5],[146.75,-7.5],[146.75,-7.25],[146.5,-7.25],[146.5,-7.5]]]},"properties":{"records":220,"species":68,"genera":31,"families":0,"top_genera":[["Ficus",105],["Solanum",35],["Polygonum",10],["Angiopteris",7],["Cissus",7]],"top_species":[["Ficus adenosperma",14],["Ficus dammaropsis",9],["Angiopteris evecta",7],["Ficus subulata",6],["Ficus complexa",6]],"center":[-7.375,146.625]}},{"type":"Feature","geometry":{"type":"Polygon","coordinates":[[[145.0,-7.5],[145.25,-7.5],[145.25,-7.25],[145.0,-7.25],[145.0,-7.5]]]},"properties":{"records":220,"species":3,"genera":2,"families":0,"top_genera":[["Ficus",219],["Mucuna",1]],"top_species":[["Ficus pungens",156],["Ficus brusii",26],["Ficus hesperidiiformis",1]],"center":[-7.375,145.125]}},{"type":"Feature","geometry":{"type":"Polygon","coordinates":[[[147.0,-7.5],[147.25,-7.5],[147.25,-7.25],[147.0,-7.25],[147.0,-7.5]]]},"properties":{"records":210,"species":32,"genera":10,"families":0,"top_genera":[["Ficus",134],["Gnetum",22],["Solanum",16],["Mucuna",10],["Diplazium",9]],"top_species":[["Ficus subtrinervia",25],["Gnetum gnemon",22],["Ficus ampelos",17],["Ficus gul",16],["Mucuna schlechteri",10]],"center":[-7.375,147.125]}},{"type":"Feature","geometry":{"type":"Polygon","coordinates":[[[145.75,-5.25],[146.0,-5.25],[146.0,-5.0],[145.75,-5.0],[145.75,-5.25]]]},"properties":{"records":199,"species":56,"genera":19,"families":0,"top_genera":[["Ficus",166],["Gnetum",5],["Mucuna",3],["Ipomoea",2],["Brassica",2]],"top_species":[["Ficus tinctoria",14],["Ficus pachyrrhachis",10],["Ficus copiosa",10],["Ficus pungens",9],["Ficus hispida",9]],"center":[-5.125,145.875]}},{"type":"Feature","geometry":{"type":"Polygon","coordinates":[[[146.75,-7.5],[147.0,-7.5],[147.0,-7.25],[146.75,-7.25],[146.75,-7.5]]]},"properties":{"records":196,"species":47,"genera":18,"families":0,"top_genera":[["Ficus",118],["Solanum",19],["Mucuna",8],["Setaria",7],["Crotalaria",6]],"top_species":[["Ficus subulata",16],["Ficus microcarpa",10],["Ficus microdictya",9],["Setaria palmifolia",7],["Ficus calopilina",6]],"center":[-7.375,146.875]}},{"type":"Feature","geometry":{"type":"Polygon","coordinates":[[[149.0,-9.75],[149.25,-9.75],[149.25,-9.5],[149.0,-9.5],[149.0,-9.75]]]},"properties":{"records":195,"species":42,"genera":11,"families":0,"top_genera":[["Ficus",143],["Hibiscus",17],["Mucuna",14],["Trichosanthes",5],["Solanum",4]],"top_species":[["Ficus adenosperma",10],["Hibiscus pulvinulifer",9],["Ficus hesperidiiformis",8],["Ficus trichocerasa",8],["Ficus porphyrochaete",8]],"center":[-9.625,149.125]}},{"type":"Feature","geometry":{"type":"Polygon","coordinates":[[[145.25,-5.75],[145.5,-5.75],[145.5,-5.5],[145.25,-5.5],[145.25,-5.75]]]},"properties":{"records":190,"species":48,"genera":17,"families":0,"top_genera":[["Ficus",140],["Gnetum",11],["Stenochlaena",10],["Cassia",6],["Dioscorea",4]],"top_species":[["Ficus hesperidiiformis",30],["Gnetum gnemon",11],["Stenochlaena palustris",10],["Ficus albipila",7],["Ficus pseudojaca",6]],"center":[-5.625,145.375]}},{"type":"Feature","geometry":{"type":"Polygon","coordinates":[[[155.5,-6.75],[155.75,-6.75],[155.75,-6.5],[155.5,-6.5],[155.5,-6.75]]]},"properties":{"records":186,"species":59,"genera":20,"families":0,"top_genera":[["Ficus",142],["Solanum",9],["Passiflora",6],["Cissus",3],["Gnetum",3]],"top_species":[["Ficus erythrosperma",13],["Ficus subulata",8],["Ficus indigofera",8],["Ficus adenosperma",7],["Ficus tinctoria",7]],"center":[-6.625,155.625]}},{"type":"Feature","geometry":{"type":"Polygon","coordinates":[[[155.5,-6.5],[155.75,-6.5],[155.75,-6.25],[155.5,-6.25],[155.5,-6.5]]]},"properties":{"records":177,"species":43,"genera":10,"families":0,"top_genera":[["Ficus",166],["Cissus",3],["Pueraria",1],["Tournefortia",1],["Mucuna",1]],"top_species":[["Ficus indigofera",10],["Ficus novae-georgiae",10],["Ficus chrysochaete",6],["Ficus erythrosperma",6],["Ficus disticha",5]],"center":[-6.375,155.625]}},{"type":"Feature","geometry":{"type":"Polygon","coordinates":[[[145.75,-6.5],[146.0,-6.5],[146.0,-6.25],[145.75,-6.25],[145.75,-6.5]]]},"properties":{"records":177,"species":46,"genera":29,"families":0,"top_genera":[["Ficus",66],["Crotalaria",16],["Amaranthus",11],["Vigna",9],["Cissus",7]],"top_species":[["Ficus hesperidiiformis",11],["Ficus adenosperma",8],["Ficus trichocerasa",8],["Crotalaria micans",6],["Setaria palmifolia",6]],"center":[-6.375,145.875]}},{"type":"Feature","geometry":{"type":"Polygon","coordinates":[[[146.0,-6.25],[146.25,-6.25],[146.25,-6.0],[146.0,-6.0],[146.0,-6.25]]]},"properties":{"records":173,"species":45,"genera":15,"families":0,"top_genera":[["Ficus",105],["Mucuna",13],["Solanum",10],["Trichosanthes",7],["Cissus",7]],"top_species":[["Ficus trichocerasa",15],["Ficus pungens",8],["Ficus macrorrhyncha",8],["Ficus calopilina",7],["Ficus obliqua",6]],"center":[-6.125,146.125]}},{"type":"Feature","geometry":{"type":"Polygon","coordinates":[[[144.25,-5.25],[144.5,-5.25],[144.5,-5.0],[144.25,-5.0],[144.25,-5.25]]]},"properties":{"records":169,"species":65,"genera":28,"families":0,"top_genera":[["Ficus",104],["Solanum",14],["Trichosanthes",6],["Vernonia",5],["Ipomoea",4]],"top_species":[["Ficus microdictya",8],["Ficus endochaete",7],["Ficus wassa",7],["Ficus iodotricha",6],["Ficus pantoniana",6]],"center":[-5.125,144.375]}},{"type":"Feature","geometry":{"type":"Polygon","coordinates":[[[146.0,-7.5],[146.25,-7.5],[146.25,-7.25],[146.0,-7.25],[146.0,-7.5]]]},"properties":{"records":168,"species":36,"genera":11,"families":0,"top_genera":[["Ficus",116],["Solanum",19],["Passiflora",10],["Trichosanthes",7],["Urena",5]],"top_species":[["Ficus trichocerasa",11],["Passiflora aurantioides",8],["Ficus subulata",7],["Urena lobata",5],["Ficus septica",5]],"center":[-7.375,146.125]}},{"type":"Feature","geometry":{"type":"Polygon","coordinates":[[[145.25,-6.25],[145.5,-6.25],[145.5,-6.0],[145.25,-6.0],[145.25,-6.25]]]},"properties":{"records":166,"species":48,"genera":20,"families":0,"top_genera":[["Ficus",71],["Solanum",40],["Crotalaria",11],["Amaranthus",6],["Passiflora",6]],"top_species":[["Solanum papuanum",12],["Ficus pungens",7],["Passiflora tarminiana",6],["Solanum expedunculatum",5],["Lablab purpureus",4]],"center":[-6.125,145.375]}},{"type":"Feature","geometry":{"type":"Polygon","coordinates":[[[146.5,-7.0],[146.75,-7.0],[146.75,-6.75],[146.5,-6.75],[146.5,-7.0]]]},"properties":{"records":165,"species":46,"genera":22,"families":0,"top_genera":[["Ficus",94],["Mucuna",15],["Trichosanthes",11],["Solanum",6],["Abelmoschus",6]],"top_species":[["Trichosanthes hastata",10],["Ficus hesperidiiformis",8],["Ficus adenosperma",8],["Mucuna stanleyi",8],["Ficus gul",7]],"center":[-6.875,146.625]}},{"type":"Feature","geometry":{"type":"Polygon","coordinates":[[[147.5,-9.5],[147.75,-9.5],[147.75,-9.25],[147.5,-9.25],[147.5,-9.5]]]},"properties":{"records":164,"species":53,"genera":18,"families":0,"top_genera":[["Ficus",119],["Solanum",10],["Hibiscus",8],["Mucuna",4],["Cissus",3]],"top_species":[["Ficus trachypison",15],["Ficus subulata",11],["Ficus pantoniana",10],["Ficus casearioides",7],["Ficus tinctoria",7]],"center":[-9.375,147.625]}},{"type":"Feature","geometry":{"type":"Polygon","coordinates":[[[145.0,-5.25],[145.25,-5.25],[145.25,-5.0],[145.0,-5.0],[145.0,-5.25]]]},"properties":{"records":161,"species":40,"genera":10,"families":0,"top_genera":[["Ficus",129],["Gnetum",21],["Pueraria",3],["Cissus",2],["Hibiscus",1]],"top_species":[["Gnetum gnemon",21],["Ficus pungens",11],["Ficus congesta",10],["Ficus racemifera",9],["Ficus wassa",8]],"center":[-5.125,145.125]}},{"type":"Feature","geometry":{"type":"Polygon","coordinates":[[[145.0,-6.75],[145.25,-6.75],[145.25,-6.5],[145.0,-6.5],[145.0,-6.75]]]},"properties":{"records":158,"species":56,"genera":10,"families":0,"top_genera":[["Ficus",126],["Dioscorea",12],["Solanum",4],["Mucuna",3],["Cissus",3]],"top_species":[["Dioscorea nummularia",12],["Ficus hesperidiiformis",11],["Ficus odoardi",8],["Ficus adenosperma",6],["Ficus edelfeltii",6]],"center":[-6.625,145.125]}},{"type":"Feature","geometry":{"type":"Polygon","coordinates":[[[147.0,-7.0],[147.25,-7.0],[147.25,-6.75],[147.0,-6.75],[147.0,-7.0]]]},"properties":{"records":157,"species":80,"genera":32,"families":0,"top_genera":[["Ficus",72],["Solanum",13],["Mucuna",7],["Crotalaria",5],["Passiflora",4]],"top_species":[["Ficus hesperidiiformis",6],["Ficus subulata",5],["Bidens pilosa",4],["Setaria palmifolia",4],["Cissus discolor",4]],"center":[-6.875,147.125]}},{"type":"Feature","geometry":{"type":"Polygon","coordinates":[[[145.0,-6.0],[145.25,-6.0],[145.25,-5.75],[145.0,-5.75],[145.0,-6.0]]]},"properties":{"records":153,"species":43,"genera":18,"families":0,"top_genera":[["Ficus",60],["Passiflora",24],["Solanum",19],["Bidens",6],["Rorippa",6]],"top_species":[["Ficus hesperidiiformis",14],["Passiflora tripartita",14],["Passiflora tarminiana",8],["Ficus adenosperma",7],["Bidens pilosa",6]],"center":[-5.875,145.125]}},{"type":"Feature","geometry":{"type":"Polygon","coordinates":[[[147.0,-8.0],[147.25,-8.0],[147.25,-7.75],[147.0,-7.75],[147.0,-8.0]]]},"properties":{"records":149,"species":47,"genera":19,"families":0,"top_genera":[["Ficus",94],["Crotalaria",17],["Solanum",6],["Cassia",6],["Hibiscus",4]],"top_species":[["Ficus adenosperma",11],["Ficus saruensis",8],["Crotalaria spectabilis",7],["Ficus virens",6],["Ficus trachypison",5]],"center":[-7.875,147.125]}},{"type":"Feature","geometry":{"type":"Polygon","coordinates":[[[142.5,-9.5],[142.75,-9.5],[142.75,-9.25],[142.5,-9.25],[142.5,-9.5]]]},"properties":{"records":149,"species":31,"genera":21,"families":0,"top_genera":[["Ficus",39],["Clitoria",23],["Crotalaria",19],["Leucaena",17],["Macroptilium",13]],"top_species":[["Clitoria ternatea",23],["Ficus virens",18],["Leucaena leucocephala",17],["Macroptilium atropurpureum",13],["Salvia reflexa",10]],"center":[-9.375,142.625]}},{"type":"Feature","geometry":{"type":"Polygon","coordinates":[[[150.25,-10.5],[150.5,-10.5],[150.5,-10.25],[150.25,-10.25],[150.25,-10.5]]]},"properties":{"records":144,"species":29,"genera":17,"families":0,"top_genera":[["Ficus",57],["Colocasia",42],["Ipomoea",10],["Dioscorea",6],["Vigna",6]],"top_species":[["Colocasia esculenta",42],["Ipomoea batatas",10],["Alternanthera sessilis",6],["Ficus adenosperma",5],["Ficus subulata",5]],"center":[-10.375,150.375]}},{"type":"Feature","geometry":{"type":"Polygon","coordinates":[[[150.5,-6.25],[150.75,-6.25],[150.75,-6.0],[150.5,-6.0],[150.5,-6.25]]]},"properties":{"records":143,"species":38,"genera":15,"families":0,"top_genera":[["Ficus",82],["Passiflora",10],["Crotalaria",8],["Solanum",6],["Mucuna",6]],"top_species":[["Passiflora foetida",10],["Ficus mollior",7],["Ficus hispida",6],["Ficus pungens",5],["Morinda citrifolia",4]],"center":[-6.125,150.625]}},{"type":"Feature","geometry":{"type":"Polygon","coordinates":[[[144.0,-5.75],[144.25,-5.75],[144.25,-5.5],[144.0,-5.5],[144.0,-5.75]]]},"properties":{"records":137,"species":42,"genera":15,"families":0,"top_genera":[["Ficus",84],["Crotalaria",15],["Solanum",8],["Lysimachia",6],["Ipomoea",4]],"top_species":[["Ficus trichocerasa",12],["Ficus subulata",12],["Ficus virens",7],["Crotalaria micans",6],["Lysimachia japonica",6]],"center":[-5.625,144.125]}},{"type":"Feature","geometry":{"type":"Polygon","coordinates":[[[142.0,-9.25],[142.25,-9.25],[142.25,-9.0],[142.0,-9.0],[142.0,-9.25]]]},"properties":{"records":134,"species":20,"genera":14,"families":0,"top_genera":[["Leucaena",63],["Macroptilium",20],["Passiflora",12],["Clitoria",11],["Crotalaria",8]],"top_species":[["Leucaena leucocephala",63],["Macroptilium atropurpureum",19],["Clitoria ternatea",11],["Crotalaria pallida",6],["Passiflora aurantia",5]],"center":[-9.125,142.125]}},{"type":"Feature","geometry":{"type":"Polygon","coordinates":[[[145.25,-5.25],[145.5,-5.25],[145.5,-5.0],[145.25,-5.0],[145.25,-5.25]]]},"properties":{"records":132,"species":42,"genera":5,"families":0,"top_genera":[["Ficus",124],["Solanum",3],["Hibiscus",3],["Morinda",1],["Mucuna",1]],"top_species":[["Ficus hombroniana",14],["Ficus hispida",8],["Ficus mollior",7],["Ficus bernaysii",6],["Ficus ribes",6]],"center":[-5.125,145.375]}},{"type":"Feature","geometry":{"type":"Polygon","coordinates":[[[152.0,-4.5],[152.25,-4.5],[152.25,-4.25],[152.0,-4.25],[152.0,-4.5]]]},"properties":{"records":127,"species":32,"genera":10,"families":0,"top_genera":[["Ficus",94],["Gnetum",13],["Abelmoschus",4],["Dioscorea",4],["Solanum",3]],"top_species":[["Gnetum gnemon",13],["Ficus subulata",12],["Ficus praestans",10],["Ficus erythrosperma",8],["Ficus subcongesta",8]],"center":[-4.375,152.125]}},{"type":"Feature","geometry":{"type":"Polygon","coordinates":[[[149.25,-9.75],[149.5,-9.75],[149.5,-9.5],[149.25,-9.5],[149.25,-9.75]]]},"properties":{"records":126,"species":32,"genera":14,"families":0,"top_genera":[["Ficus",74],["Mucuna",24],["Ceratopteris",8],["Crotalaria",4],["Diplazium",3]],"top_species":[["Ficus adenosperma",15],["Ceratopteris thalictroides",8],["Mucuna schlechteri",6],["Ficus subulata",5],["Ficus pungens",5]],"center":[-9.625,149.375]}},{"type":"Feature","geometry":{"type":"Polygon","coordinates":[[[143.5,-5.5],[143.75,-5.5],[143.75,-5.25],[143.5,-5.25],[143.5,-5.5]]]},"properties":{"records":126,"species":32,"genera":18,"families":0,"top_genera":[["Ficus",77],["Rorippa",12],["Mucuna",5],["Trichosanthes",5],["Polygonum",5]],"top_species":[["Ficus adenosperma",14],["Ficus trichocerasa",10],["Ficus iodotricha",5],["Rorippa peekelii",5],["Ficus subulata",4]],"center":[-5.375,143.625]}},{"type":"Feature","geometry":{"type":"Polygon","coordinates":[[[141.25,-6.25],[141.5,-6.25],[141.5,-6.0],[141.25,-6.0],[141.25,-6.25]]]},"properties":{"records":124,"species":34,"genera":18,"families":0,"top_genera":[["Ficus",59],["Mucuna",9],["Crotalaria",7],["Stenochlaena",7],["Passiflora",6]],"top_species":[["Ficus adenosperma",19],["Stenochlaena palustris",7],["Crotalaria goreensis",6],["Ficus glaberrima",6],["Ficus odoardi",6]],"center":[-6.125,141.375]}},{"type":"Feature","geometry":{"type":"Polygon","coordinates":[[[150.75,-9.75],[151.0,-9.75],[151.0,-9.5],[150.75,-9.5],[150.75,-9.75]]]},"properties":{"records":123,"species":9,"genera":7,"families":0,"top_genera":[["Dioscorea",88],["Colocasia",24],["Ficus",4],["Diplazium",3],["Cissus",2]],"top_species":[["Dioscorea alata",52],["Dioscorea esculenta",34],["Colocasia esculenta",24],["Ficus mollior",4],["Diplazium proliferum",3]],"center":[-9.625,150.875]}},{"type":"Feature","geometry":{"type":"Polygon","coordinates":[[[141.5,-3.5],[141.75,-3.5],[141.75,-3.25],[141.5,-3.25],[141.5,-3.5]]]},"properties":{"records":122,"species":38,"genera":1,"families":0,"top_genera":[["Ficus",122]],"top_species":[["Ficus mollior",7],["Ficus wassa",7],["Ficus subulata",7],["Ficus bernaysii",7],["Ficus subcuneata",6]],"center":[-3.375,141.625]}},{"type":"Feature","geometry":{"type":"Polygon","coordinates":[[[142.5,-5.5],[142.75,-5.5],[142.75,-5.25],[142.5,-5.25],[142.5,-5.5]]]},"properties":{"records":121,"species":28,"genera":7,"families":0,"top_genera":[["Ficus",105],["Mucuna",5],["Vernonia",4],["Gnetum",3],["Solanum",2]],"top_species":[["Ficus adenosperma",23],["Ficus mollior",10],["Ficus gymnorygma",9],["Ficus odoardi",5],["Ficus subulata",4]],"center":[-5.375,142.625]}},{"type":"Feature","geometry":{"type":"Polygon","coordinates":[[[143.75,-5.0],[144.0,-5.0],[144.0,-4.75],[143.75,-4.75],[143.75,-5.0]]]},"properties":{"records":121,"species":43,"genera":4,"families":0,"top_genera":[["Ficus",117],["Angiopteris",2],["Solanum",1],["Hibiscus",1]],"top_species":[["Ficus pungens",8],["Ficus congesta",6],["Ficus ribes",6],["Ficus trachypison",6],["Ficus morobensis",5]],"center":[-4.875,143.875]}},{"type":"Feature","geometry":{"type":"Polygon","coordinates":[[[146.75,-7.0],[147.0,-7.0],[147.0,-6.75],[146.75,-6.75],[146.75,-7.0]]]},"properties":{"records":116,"species":38,"genera":16,"families":0,"top_genera":[["Ficus",64],["Solanum",13],["Crotalaria",7],["Mucuna",6],["Gnetum",5]],"top_species":[["Ficus subulata",7],["Solanum torvum",7],["Ficus erythrosperma",7],["Ficus congesta",6],["Gnetum gnemon",5]],"center":[-6.875,146.875]}},{"type":"Feature","geometry":{"type":"Polygon","coordinates":[[[146.75,-9.25],[147.0,-9.25],[147.0,-9.0],[146.75,-9.0],[146.75,-9.25]]]},"properties":{"records":116,"species":60,"genera":28,"families":0,"top_genera":[["Ficus",38],["Crotalaria",15],["Albizia",8],["Ceratopteris",5],["Passiflora",4]],"top_species":[["Ficus microcarpa",9],["Albizia carrii",7],["Crotalaria pallida",6],["Ceratopteris thalictroides",5],["Crotalaria verrucosa",4]],"center":[-9.125,146.875]}},{"type":"Feature","geometry":{"type":"Polygon","coordinates":[[[142.75,-4.25],[143.0,-4.25],[143.0,-4.0],[142.75,-4.0],[142.75,-4.25]]]},"properties":{"records":116,"species":23,"genera":13,"families":0,"top_genera":[["Ficus",89],["Passiflora",6],["Hibiscus",4],["Solanum",2],["Rorippa",2]],"top_species":[["Ficus subulata",13],["Ficus virens",10],["Ficus glandulifera",7],["Passiflora aurantioides",5],["Ficus chrysolepis",5]],"center":[-4.125,142.875]}},{"type":"Feature","geometry":{"type":"Polygon","coordinates":[[[147.0,-5.5],[147.25,-5.5],[147.25,-5.25],[147.0,-5.25],[147.0,-5.5]]]},"properties":{"records":115,"species":33,"genera":17,"families":0,"top_genera":[["Ficus",53],["Ipomoea",10],["Solanum",9],["Dioscorea",6],["Ocimum",5]],"top_species":[["Ficus mollior",12],["Ficus septica",9],["Ficus copiosa",7],["Dioscorea bulbifera",6],["Ficus wassa",6]],"center":[-5.375,147.125]}},{"type":"Feature","geometry":{"type":"Polygon","coordinates":[[[142.75,-6.5],[143.0,-6.5],[143.0,-6.25],[142.75,-6.25],[142.75,-6.5]]]},"properties":{"records":112,"species":28,"genera":7,"families":0,"top_genera":[["Ficus",90],["Passiflora",9],["Cissus",4],["Cucumis",3],["Gnetum",3]],"top_species":[["Passiflora aurantioides",9],["Ficus trachypison",7],["Ficus scratchleyana",5],["Ficus gymnorygma",5],["Ficus iodotricha",4]],"center":[-6.375,142.875]}},{"type":"Feature","geometry":{"type":"Polygon","coordinates":[[[144.0,-6.0],[144.25,-6.0],[144.25,-5.75],[144.0,-5.75],[144.0,-6.0]]]},"properties":{"records":111,"species":29,"genera":21,"families":0,"top_genera":[["Ficus",50],["Lysimachia",8],["Setaria",8],["Ipomoea",8],["Passiflora",8]],"top_species":[["Lysimachia japonica",8],["Setaria palmifolia",8],["Ipomoea batatas",8],["Ficus dammaropsis",7],["Passiflora tarminiana",6]],"center":[-5.875,144.125]}},{"type":"Feature","geometry":{"type":"Polygon","coordinates":[[[145.0,-6.25],[145.25,-6.25],[145.25,-6.0],[145.0,-6.0],[145.0,-6.25]]]},"properties":{"records":110,"species":34,"genera":12,"families":0,"top_genera":[["Ficus",79],["Solanum",12],["Polygonum",4],["Lysimachia",4],["Passiflora",3]],"top_species":[["Ficus hesperidiiformis",14],["Ficus adenosperma",9],["Ficus microdictya",9],["Ficus endochaete",7],["Ficus trichocerasa",6]],"center":[-6.125,145.125]}},{"type":"Feature","geometry":{"type":"Polygon","coordinates":[[[147.25,-9.25],[147.5,-9.25],[147.5,-9.0],[147.25,-9.0],[147.25,-9.25]]]},"properties":{"records":110,"species":30,"genera":16,"families":0,"top_genera":[["Passiflora",35],["Ficus",18],["Cajanus",16],["Albizia",14],["Solanum",6]],"top_species":[["Passiflora aurantia",32],["Cajanus reticulatus",12],["Albizia carrii",10],["Ficus opposita",5],["Alternanthera sessilis",4]],"center":[-9.125,147.375]}},{"type":"Feature","geometry":{"type":"Polygon","coordinates":[[[155.0,-6.0],[155.25,-6.0],[155.25,-5.75],[155.0,-5.75],[155.0,-6.0]]]},"properties":{"records":105,"species":14,"genera":10,"families":0,"top_genera":[["Colocasia",38],["Ipomoea",36],["Xanthosoma",8],["Dioscorea",7],["Ficus",6]],"top_species":[["Colocasia esculenta",38],["Ipomoea batatas",36],["Xanthosoma sagittifolium",8],["Ficus indigofera",3],["Solanum dunalianum",3]],"center":[-5.875,155.125]}},{"type":"Feature","geometry":{"type":"Polygon","coordinates":[[[147.0,-9.25],[147.25,-9.25],[147.25,-9.0],[147.0,-9.0],[147.0,-9.25]]]},"properties":{"records":103,"species":39,"genera":18,"families":0,"top_genera":[["Ficus",56],["Crotalaria",13],["Stenochlaena",4],["Passiflora",4],["Solanum",4]],"top_species":[["Crotalaria pallida",12],["Ficus adenosperma",8],["Ficus mollior",7],["Ficus hispida",5],["Ficus racemifera",4]],"center":[-9.125,147.125]}},{"type":"Feature","geometry":{"type":"Polygon","coordinates":[[[142.5,-4.75],[142.75,-4.75],[142.75,-4.5],[142.5,-4.5],[142.5,-4.75]]]},"properties":{"records":103,"species":38,"genera":6,"families":0,"top_genera":[["Ficus",74],["Cissus",16],["Hibiscus",5],["Ludwigia",4],["Gnetum",3]],"top_species":[["Cissus aristata",8],["Cissus conchigera",8],["Ficus casearioides",6],["Ficus odoardi",6],["Ficus wassa",6]],"center":[-4.625,142.625]}},{"type":"Feature","geometry":{"type":"Polygon","coordinates":[[[148.25,-10.25],[148.5,-10.25],[148.5,-10.0],[148.25,-10.0],[148.25,-10.25]]]},"properties":{"records":103,"species":22,"genera":5,"families":0,"top_genera":[["Ficus",92],["Crassocephalum",4],["Cucumis",4],["Cissus",2],["Gnetum",1]],"top_species":[["Ficus subulata",16],["Ficus subnervosa",7],["Ficus ampelos",7],["Ficus drupacea",6],["Ficus bernaysii",6]],"center":[-10.125,148.375]}},{"type":"Feature","geometry":{"type":"Polygon","coordinates":[[[142.25,-5.5],[142.5,-5.5],[142.5,-5.25],[142.25,-5.25],[142.25,-5.5]]]},"properties":{"records":103,"species":33,"genera":9,"families":0,"top_genera":[["Ficus",78],["Solanum",6],["Vigna",5],["Trichosanthes",4],["Amaranthus",3]],"top_species":[["Ficus subulata",10],["Ficus scratchleyana",7],["Ficus hesperidiiformis",6],["Vigna luteola",5],["Ficus erythrosperma",5]],"center":[-5.375,142.375]}},{"type":"Feature","geometry":{"type":"Polygon","coordinates":[[[142.25,-3.25],[142.5,-3.25],[142.5,-3.0],[142.25,-3.0],[142.25,-3.25]]]},"properties":{"records":101,"species":29,"genera":15,"families":0,"top_genera":[["Ficus",62],["Mucuna",7],["Albizia",6],["Ceratopteris",6],["Crotalaria",6]],"top_species":[["Ficus congesta",15],["Albizia lebbeck",6],["Ceratopteris thalictroides",6],["Ficus baeuerlenii",5],["Ficus adenosperma",5]],"center":[-3.125,142.375]}},{"type":"Feature","geometry":{"type":"Polygon","coordinates":[[[147.25,-9.75],[147.5,-9.75],[147.5,-9.5],[147.25,-9.5],[147.25,-9.75]]]},"properties":{"records":101,"species":44,"genera":27,"families":0,"top_genera":[["Ficus",22],["Crotalaria",9],["Passiflora",7],["Abelmoschus",7],["Celosia",6]],"top_species":[["Passiflora aurantia",6],["Celosia argentea",5],["Albizia carrii",5],["Crotalaria pallida",5],["Alternanthera sessilis",4]],"center":[-9.625,147.375]}},{"type":"Feature","geometry":{"type":"Polygon","coordinates":[[[143.25,-6.5],[143.5,-6.5],[143.5,-6.25],[143.25,-6.25],[143.25,-6.5]]]},"properties":{"records":100,"species":33,"genera":16,"families":0,"top_genera":[["Ficus",53],["Solanum",13],["Mucuna",5],["Oenanthe",4],["Albizia",4]],"top_species":[["Ficus tinctoria",7],["Ficus copiosa",5],["Oenanthe javanica",4],["Albizia retusa",4],["Vigna luteola",3]],"center":[-6.375,143.375]}},{"type":"Feature","geometry":{"type":"Polygon","coordinates":[[[142.5,-4.5],[142.75,-4.5],[142.75,-4.25],[142.5,-4.25],[142.5,-4.5]]]},"properties":{"records":100,"species":11,"genera":10,"families":0,"top_genera":[["Ficus",56],["Mucuna",14],["Gnetum",12],["Hibiscus",8],["Diplazium",3]],"top_species":[["Ficus subulata",15],["Gnetum gnemon",12],["Ficus subtrinervia",10],["Mucuna novoguineensis",7],["Diplazium proliferum",3]],"center":[-4.375,142.625]}},{"type":"Feature","geometry":{"type":"Polygon","coordinates":[[[155.75,-6.75],[156.0,-6.75],[156.0,-6.5],[155.75,-6.5],[155.75,-6.75]]]},"properties":{"records":96,"species":20,"genera":7,"families":0,"top_genera":[["Ficus",81],["Albizia",5],["Diplazium",4],["Setaria",2],["Portulaca",2]],"top_species":[["Ficus septica",10],["Ficus tinctoria",5],["Ficus novae-georgiae",5],["Ficus variegata",5],["Ficus copiosa",5]],"center":[-6.625,155.875]}},{"type":"Feature","geometry":{"type":"Polygon","coordinates":[[[143.0,-9.25],[143.25,-9.25],[143.25,-9.0],[143.0,-9.0],[143.0,-9.25]]]},"properties":{"records":95,"species":48,"genera":29,"families":0,"top_genera":[["Crotalaria",10],["Ficus",9],["Mucuna",9],["Corchorus",8],["Amaranthus",6]],"top_species":[["Corchorus aestuans",7],["Mucuna canaliculata",5],["Stenochlaena palustris",5],["Amaranthus viridis",3],["Physalis angulata",3]],"center":[-9.125,143.125]}},{"type":"Feature","geometry":{"type":"Polygon","coordinates":[[[143.5,-4.0],[143.75,-4.0],[143.75,-3.75],[143.5,-3.75],[143.5,-4.0]]]},"properties":{"records":95,"species":46,"genera":1,"families":0,"top_genera":[["Ficus",95]],"top_species":[["Ficus wamanguana",9],["Ficus subcuneata",7],["Ficus trachypison",6],["Ficus subtrinervia",4],["Ficus ribes",4]],"center":[-3.875,143.625]}},{"type":"Feature","geometry":{"type":"Polygon","coordinates":[[[146.5,-6.75],[146.75,-6.75],[146.75,-6.5],[146.5,-6.5],[146.5,-6.75]]]},"properties":{"records":94,"species":30,"genera":19,"families":0,"top_genera":[["Ficus",31],["Albizia",19],["Solanum",8],["Passiflora",8],["Vigna",4]],"top_species":[["Albizia procera",19],["Passiflora foetida",8],["Ficus albipila",7],["Ficus adenosperma",5],["Ficus virens",5]],"center":[-6.625,146.625]}},{"type":"Feature","geometry":{"type":"Polygon","coordinates":[[[145.25,-8.0],[145.5,-8.0],[145.5,-7.75],[145.25,-7.75],[145.25,-8.0]]]},"properties":{"records":92,"species":34,"genera":16,"families":0,"top_genera":[["Ficus",54],["Crotalaria",9],["Ipomoea",5],["Canavalia",4],["Solanum",3]],"top_species":[["Ficus septica",10],["Ficus microcarpa",6],["Ficus pantoniana",5],["Ficus opposita",5],["Crotalaria trichotoma",4]],"center":[-7.875,145.375]}},{"type":"Feature","geometry":{"type":"Polygon","coordinates":[[[148.5,-5.75],[148.75,-5.75],[148.75,-5.5],[148.5,-5.5],[148.5,-5.75]]]},"properties":{"records":92,"species":10,"genera":7,"families":0,"top_genera":[["Colocasia",56],["Ficus",12],["Ipomoea",12],["Dioscorea",8],["Xanthosoma",2]],"top_species":[["Colocasia esculenta",56],["Ipomoea batatas",12],["Dioscorea bulbifera",6],["Ficus mollior",2],["Xanthosoma sagittifolium",2]],"center":[-5.625,148.625]}},{"type":"Feature","geometry":{"type":"Polygon","coordinates":[[[144.75,-7.25],[145.0,-7.25],[145.0,-7.0],[144.75,-7.0],[144.75,-7.25]]]},"properties":{"records":91,"species":36,"genera":10,"families":0,"top_genera":[["Ficus",76],["Trichosanthes",4],["Gnetum",4],["Morinda",1],["Abelmoschus",1]],"top_species":[["Ficus bernaysii",6],["Ficus rubrivestimenta",5],["Ficus wassa",5],["Ficus hombroniana",4],["Ficus variegata",4]],"center":[-7.125,144.875]}},{"type":"Feature","geometry":{"type":"Polygon","coordinates":[[[144.75,-4.25],[145.0,-4.25],[145.0,-4.0],[144.75,-4.0],[144.75,-4.25]]]},"properties":{"records":89,"species":28,"genera":24,"families":0,"top_genera":[["Vigna",15],["Peperomia",9],["Ipomoea",9],["Ficus",7],["Mucuna",7]],"top_species":[["Vigna marina",11],["Peperomia pellucida",9],["Ipomoea pes-caprae",8],["Mucuna gigantea",7],["Passiflora foetida",6]],"center":[-4.125,144.875]}},{"type":"Feature","geometry":{"type":"Polygon","coordinates":[[[148.25,-9.0],[148.5,-9.0],[148.5,-8.75],[148.25,-8.75],[148.25,-9.0]]]},"properties":{"records":88,"species":25,"genera":12,"families":0,"top_genera":[["Ficus",37],["Colocasia",16],["Ipomoea",13],["Hibiscus",7],["Phaseolus",3]],"top_species":[["Colocasia esculenta",16],["Ipomoea batatas",12],["Ficus adenosperma",5],["Ficus variegata",5],["Phaseolus lunatus",3]],"center":[-8.875,148.375]}},{"type":"Feature","geometry":{"type":"Polygon","coordinates":[[[146.0,-7.25],[146.25,-7.25],[146.25,-7.0],[146.0,-7.0],[146.0,-7.25]]]},"properties":{"records":87,"species":29,"genera":10,"families":0,"top_genera":[["Ficus",63],["Solanum",6],["Cassia",5],["Ipomoea",4],["Abelmoschus",3]],"top_species":[["Ficus ribes",10],["Ficus trichocerasa",8],["Ficus mollior",5],["Cassia javanica",5],["Ficus complexa",5]],"center":[-7.125,146.125]}},{"type":"Feature","geometry":{"type":"Polygon","coordinates":[[[146.75,-6.5],[147.0,-6.5],[147.0,-6.25],[146.75,-6.25],[146.75,-6.5]]]},"properties":{"records":85,"species":21,"genera":17,"families":0,"top_genera":[["Ficus",41],["Gnetum",9],["Polygonum",7],["Solanum",6],["Setaria",4]],"top_species":[["Gnetum gnemon",9],["Ficus mollior",7],["Ficus armitii",6],["Ficus subcuneata",5],["Solanum torvoideum",4]],"center":[-6.375,146.875]}},{"type":"Feature","geometry":{"type":"Polygon","coordinates":[[[151.0,-8.75],[151.25,-8.75],[151.25,-8.5],[151.0,-8.5],[151.0,-8.75]]]},"properties":{"records":85,"species":6,"genera":7,"families":0,"top_genera":[["Colocasia",50],["Ipomoea",26],["Abelmoschus",3],["Ficus",3],["Tournefortia",1]],"top_species":[["Colocasia esculenta",50],["Ipomoea batatas",26],["Abelmoschus manihot",3],["Solanum torvum",1],["Ficus virgata",1]],"center":[-8.625,151.125]}},{"type":"Feature","geometry":{"type":"Polygon","coordinates":[[[144.75,-4.5],[145.0,-4.5],[145.0,-4.25],[144.75,-4.25],[144.75,-4.5]]]},"properties":{"records":84,"species":48,"genera":5,"families":0,"top_genera":[["Ficus",75],["Solanum",3],["Vigna",3],["Glycine",2],["Senna",1]],"top_species":[["Ficus ribes",6],["Ficus austrina",6],["Ficus mollior",5],["Ficus botryocarpa",5],["Ficus hesperidiiformis",5]],"center":[-4.375,144.875]}},{"type":"Feature","geometry":{"type":"Polygon","coordinates":[[[145.25,-5.5],[145.5,-5.5],[145.5,-5.25],[145.25,-5.25],[145.25,-5.5]]]},"properties":{"records":83,"species":24,"genera":8,"families":0,"top_genera":[["Ficus",68],["Cassia",6],["Gnetum",3],["Hibiscus",2],["Senna",1]],"top_species":[["Ficus adenosperma",7],["Ficus subulata",7],["Ficus congesta",6],["Ficus erythrosperma",6],["Ficus botryocarpa",6]],"center":[-5.375,145.375]}},{"type":"Feature","geometry":{"type":"Polygon","coordinates":[[[155.5,-7.0],[155.75,-7.0],[155.75,-6.75],[155.5,-6.75],[155.5,-7.0]]]},"properties":{"records":82,"species":22,"genera":10,"families":0,"top_genera":[["Ficus",46],["Gnetum",15],["Mucuna",6],["Angiopteris",4],["Ipomoea",4]],"top_species":[["Gnetum gnemon",15],["Ficus adenosperma",7],["Ficus mollior",5],["Ficus solomonensis",5],["Angiopteris evecta",4]],"center":[-6.875,155.625]}},{"type":"Feature","geometry":{"type":"Polygon","coordinates":[[[141.0,-5.0],[141.25,-5.0],[141.25,-4.75],[141.0,-4.75],[141.0,-5.0]]]},"properties":{"records":81,"species":22,"genera":13,"families":0,"top_genera":[["Ficus",42],["Rorippa",7],["Crassocephalum",6],["Solanum",5],["Hibiscus",4]],"top_species":[["Crassocephalum crepidioides",6],["Rorippa peekelii",4],["Ficus bernaysii",4],["Urena lobata",3],["Setaria palmifolia",3]],"center":[-4.875,141.125]}},{"type":"Feature","geometry":{"type":"Polygon","coordinates":[[[144.75,-6.0],[145.0,-6.0],[145.0,-5.75],[144.75,-5.75],[144.75,-6.0]]]},"properties":{"records":81,"species":24,"genera":14,"families":0,"top_genera":[["Ficus",33],["Mucuna",18],["Lysimachia",7],["Crotalaria",6],["Setaria",5]],"top_species":[["Mucuna novoguineensis",9],["Lysimachia japonica",7],["Ficus subulata",7],["Setaria palmifolia",5],["Ficus endochaete",5]],"center":[-5.875,144.875]}},{"type":"Feature","geometry":{"type":"Polygon","coordinates":[[[149.5,-10.0],[149.75,-10.0],[149.75,-9.75],[149.5,-9.75],[149.5,-10.0]]]},"properties":{"records":81,"species":14,"genera":7,"families":0,"top_genera":[["Ficus",47],["Dioscorea",18],["Mucuna",6],["Crotalaria",4],["Colocasia",4]],"top_species":[["Dioscorea esculenta",18],["Ficus botryocarpa",6],["Ficus adenosperma",5],["Ficus virens",5],["Mucuna schlechteri",4]],"center":[-9.875,149.625]}},{"type":"Feature","geometry":{"type":"Polygon","coordinates":[[[147.5,-8.0],[147.75,-8.0],[147.75,-7.75],[147.5,-7.75],[147.5,-8.0]]]},"properties":{"records":81,"species":19,"genera":6,"families":0,"top_genera":[["Ficus",65],["Diplazium",5],["Mucuna",5],["Angiopteris",3],["Physalis",2]],"top_species":[["Ficus paoana",11],["Ficus ribes",10],["Ficus bernaysii",6],["Ficus phaeosyce",5],["Diplazium proliferum",5]],"center":[-7.875,147.625]}},{"type":"Feature","geometry":{"type":"Polygon","coordinates":[[[155.75,-7.0],[156.0,-7.0],[156.0,-6.75],[155.75,-6.75],[155.75,-7.0]]]},"properties":{"records":78,"species":18,"genera":3,"families":0,"top_genera":[["Ficus",74],["Solanum",2],["Mucuna",2]],"top_species":[["Ficus subulata",8],["Ficus adenosperma",7],["Ficus disticha",7],["Ficus baeuerlenii",4],["Ficus septica",4]],"center":[-6.875,155.875]}},{"type":"Feature","geometry":{"type":"Polygon","coordinates":[[[145.25,-7.75],[145.5,-7.75],[145.5,-7.5],[145.25,-7.5],[145.25,-7.75]]]},"properties":{"records":76,"species":19,"genera":7,"families":0,"top_genera":[["Ficus",62],["Setaria",4],["Mucuna",4],["Stenochlaena",2],["Curcuma",2]],"top_species":[["Ficus congesta",16],["Ficus baeuerlenii",7],["Ficus adenosperma",5],["Ficus dammaropsis",4],["Setaria palmifolia",4]],"center":[-7.625,145.375]}},{"type":"Feature","geometry":{"type":"Polygon","coordinates":[[[148.5,-10.25],[148.75,-10.25],[148.75,-10.0],[148.5,-10.0],[148.5,-10.25]]]},"properties":{"records":75,"species":17,"genera":5,"families":0,"top_genera":[["Ficus",64],["Mucuna",5],["Dioscorea",3],["Stenochlaena",2],["Abelmoschus",1]],"top_species":[["Ficus subulata",12],["Ficus ampelos",6],["Ficus funiculosa",6],["Ficus baeuerlenii",4],["Dioscorea nummularia",3]],"center":[-10.125,148.625]}},{"type":"Feature","geometry":{"type":"Polygon","coordinates":[[[146.75,-6.25],[147.0,-6.25],[147.0,-6.0],[146.75,-6.0],[146.75,-6.25]]]},"properties":{"records":75,"species":21,"genera":10,"families":0,"top_genera":[["Ficus",53],["Solanum",7],["Crotalaria",3],["Lysimachia",3],["Cissus",2]],"top_species":[["Ficus wassa",6],["Ficus pungens",5],["Ficus erythrosperma",5],["Ficus adenosperma",5],["Ficus congesta",5]],"center":[-6.125,146.875]}},{"type":"Feature","geometry":{"type":"Polygon","coordinates":[[[143.0,-3.75],[143.25,-3.75],[143.25,-3.5],[143.0,-3.5],[143.0,-3.75]]]},"properties":{"records":74,"species":26,"genera":16,"families":0,"top_genera":[["Ficus",17],["Mucuna",11],["Solanum",8],["Ocimum",7],["Benincasa",6]],"top_species":[["Solanum erianthum",5],["Phaseolus lunatus",5],["Mucuna novoguineensis",4],["Ocimum gratissimum",4],["Ficus dammaropsis",4]],"center":[-3.625,143.125]}},{"type":"Feature","geometry":{"type":"Polygon","coordinates":[[[150.5,-5.5],[150.75,-5.5],[150.75,-5.25],[150.5,-5.25],[150.5,-5.5]]]},"properties":{"records":73,"species":29,"genera":12,"families":0,"top_genera":[["Ficus",48],["Solanum",7],["Gnetum",4],["Setaria",3],["Ocimum",2]],"top_species":[["Ficus virens",6],["Ficus drupacea",6],["Gnetum gnemon",4],["Ficus adenosperma",4],["Solanum torvum",3]],"center":[-5.375,150.625]}},{"type":"Feature","geometry":{"type":"Polygon","coordinates":[[[149.0,-9.5],[149.25,-9.5],[149.25,-9.25],[149.0,-9.25],[149.0,-9.5]]]},"properties":{"records":71,"species":21,"genera":7,"families":0,"top_genera":[["Ficus",48],["Crotalaria",9],["Mucuna",6],["Diplazium",3],["Ceratopteris",2]],"top_species":[["Ficus drupacea",7],["Crotalaria retusa",6],["Ficus mollior",6],["Ficus racemifera",4],["Ficus subnervosa",4]],"center":[-9.375,149.125]}},{"type":"Feature","geometry":{"type":"Polygon","coordinates":[[[146.75,-9.0],[147.0,-9.0],[147.0,-8.75],[146.75,-8.75],[146.75,-9.0]]]},"properties":{"records":70,"species":34,"genera":22,"families":0,"top_genera":[["Ficus",25],["Cucumis",5],["Albizia",4],["Crotalaria",4],["Urena",3]],"top_species":[["Ficus hispida",6],["Cucumis melo",5],["Albizia carrii",4],["Ficus septica",4],["Urena lobata",3]],"center":[-8.875,146.875]}},{"type":"Feature","geometry":{"type":"Polygon","coordinates":[[[147.75,-9.25],[148.0,-9.25],[148.0,-9.0],[147.75,-9.0],[147.75,-9.25]]]},"properties":{"records":70,"species":19,"genera":9,"families":0,"top_genera":[["Ficus",30],["Solanum",18],["Mucuna",7],["Passiflora",6],["Sonchus",3]],"top_species":[["Ficus hesperidiiformis",7],["Passiflora edulis",5],["Mucuna eurylamellata",4],["Solanum anfractum",3],["Bidens pilosa",3]],"center":[-9.125,147.875]}},{"type":"Feature","geometry":{"type":"Polygon","coordinates":[[[150.0,-2.5],[150.25,-2.5],[150.25,-2.25],[150.0,-2.25],[150.0,-2.5]]]},"properties":{"records":70,"species":17,"genera":5,"families":0,"top_genera":[["Ficus",49],["Stenochlaena",8],["Angiopteris",5],["Benincasa",4],["Vigna",4]],"top_species":[["Ficus adenosperma",10],["Stenochlaena palustris",8],["Ficus microcarpa",7],["Ficus septica",5],["Angiopteris evecta",5]],"center":[-2.375,150.125]}},{"type":"Feature","geometry":{"type":"Polygon","coordinates":[[[145.5,-6.75],[145.75,-6.75],[145.75,-6.5],[145.5,-6.5],[145.5,-6.75]]]},"properties":{"records":70,"species":23,"genera":9,"families":0,"top_genera":[["Ficus",44],["Solanum",6],["Alternanthera",5],["Mucuna",4],["Hibiscus",3]],"top_species":[["Ficus trichocerasa",7],["Alternanthera sessilis",5],["Solanum incanoalabastrum",3],["Ficus subulata",3],["Ficus hesperidiiformis",3]],"center":[-6.625,145.625]}},{"type":"Feature","geometry":{"type":"Polygon","coordinates":[[[149.75,-9.75],[150.0,-9.75],[150.0,-9.5],[149.75,-9.5],[149.75,-9.75]]]},"properties":{"records":70,"species":21,"genera":15,"families":0,"top_genera":[["Ficus",16],["Ipomoea",11],["Mucuna",11],["Passiflora",7],["Gnetum",5]],"top_species":[["Ipomoea batatas",10],["Passiflora aurantia",7],["Ficus tinctoria",6],["Gnetum gnemon",5],["Mucuna hooglandii",5]],"center":[-9.625,149.875]}},{"type":"Feature","geometry":{"type":"Polygon","coordinates":[[[144.5,-6.0],[144.75,-6.0],[144.75,-5.75],[144.5,-5.75],[144.5,-6.0]]]},"properties":{"records":70,"species":23,"genera":13,"families":0,"top_genera":[["Ficus",31],["Solanum",12],["Trichosanthes",7],["Alternanthera",6],["Crassocephalum",3]],"top_species":[["Ficus adenosperma",8],["Ficus copiosa",6],["Alternanthera sessilis",6],["Solanum dunalianum",3],["Ficus quercetorum",3]],"center":[-5.875,144.625]}},{"type":"Feature","geometry":{"type":"Polygon","coordinates":[[[146.25,-7.75],[146.5,-7.75],[146.5,-7.5],[146.25,-7.5],[146.25,-7.75]]]},"properties":{"records":69,"species":23,"genera":14,"families":0,"top_genera":[["Ficus",43],["Diplazium",6],["Phaseolus",4],["Passiflora",3],["Gnetum",3]],"top_species":[["Ficus subulata",10],["Ficus subtrinervia",7],["Ficus mollior",6],["Diplazium proliferum",6],["Ficus odoardi",5]],"center":[-7.625,146.375]}},{"type":"Feature","geometry":{"type":"Polygon","coordinates":[[[141.25,-2.75],[141.5,-2.75],[141.5,-2.5],[141.25,-2.5],[141.25,-2.75]]]},"properties":{"records":69,"species":18,"genera":13,"families":0,"top_genera":[["Ficus",32],["Albizia",12],["Vigna",6],["Momordica",6],["Hibiscus",3]],"top_species":[["Albizia lebbeck",12],["Ficus tinctoria",8],["Vigna marina",6],["Ficus drupacea",6],["Momordica cochinchinensis",5]],"center":[-2.625,141.375]}},{"type":"Feature","geometry":{"type":"Polygon","coordinates":[[[144.25,-6.0],[144.5,-6.0],[144.5,-5.75],[144.25,-5.75],[144.25,-6.0]]]},"properties":{"records":68,"species":29,"genera":16,"families":0,"top_genera":[["Ficus",28],["Bidens",7],["Crotalaria",7],["Lysimachia",6],["Solanum",4]],"top_species":[["Bidens pilosa",7],["Ficus subulata",6],["Lysimachia japonica",6],["Ficus adenosperma",4],["Crotalaria micans",3]],"center":[-5.875,144.375]}},{"type":"Feature","geometry":{"type":"Polygon","coordinates":[[[146.75,-7.25],[147.0,-7.25],[147.0,-7.0],[146.75,-7.0],[146.75,-7.25]]]},"properties":{"records":68,"species":17,"genera":7,"families":0,"top_genera":[["Ficus",40],["Solanum",22],["Gnetum",2],["Dioscorea",1],["Polygonum",1]],"top_species":[["Solanum missimense",9],["Ficus odoardi",6],["Ficus mollior",5],["Ficus subulata",5],["Solanum dammerianum",4]],"center":[-7.125,146.875]}},{"type":"Feature","geometry":{"type":"Polygon","coordinates":[[[145.25,-6.5],[145.5,-6.5],[145.5,-6.25],[145.25,-6.25],[145.25,-6.5]]]},"properties":{"records":67,"species":20,"genera":8,"families":0,"top_genera":[["Ficus",50],["Solanum",7],["Alternanthera",3],["Hibiscus",2],["Polygonum",2]],"top_species":[["Ficus subulata",5],["Ficus oxymitroides",5],["Ficus erythrosperma",4],["Ficus wassa",4],["Solanum torvoideum",3]],"center":[-6.375,145.375]}},{"type":"Feature","geometry":{"type":"Polygon","coordinates":[[[141.25,-3.25],[141.5,-3.25],[141.5,-3.0],[141.25,-3.0],[141.25,-3.25]]]},"properties":{"records":66,"species":25,"genera":9,"families":0,"top_genera":[["Ficus",47],["Gnetum",6],["Crotalaria",4],["Stenochlaena",2],["Limnocharis",2]],"top_species":[["Gnetum gnemon",6],["Ficus adenosperma",5],["Ficus odoardi",5],["Crotalaria juncea",4],["Ficus subulata",4]],"center":[-3.125,141.375]}},{"type":"Feature","geometry":{"type":"Polygon","coordinates":[[[146.0,-8.25],[146.25,-8.25],[146.25,-8.0],[146.0,-8.0],[146.0,-8.25]]]},"properties":{"records":66,"species":17,"genera":13,"families":0,"top_genera":[["Ficus",33],["Crotalaria",8],["Cucumis",7],["Abelmoschus",4],["Passiflora",3]],"top_species":[["Ficus opposita",11],["Crotalaria pallida",8],["Ficus septica",7],["Cucumis melo",7],["Ficus subnervosa",6]],"center":[-8.125,146.125]}},{"type":"Feature","geometry":{"type":"Polygon","coordinates":[[[147.0,-6.5],[147.25,-6.5],[147.25,-6.25],[147.0,-6.25],[147.0,-6.5]]]},"properties":{"records":65,"species":17,"genera":14,"families":0,"top_genera":[["Glycine",18],["Ficus",17],["Trichosanthes",10],["Solanum",3],["Passiflora",3]],"top_species":[["Glycine tomentella",18],["Trichosanthes hastata",9],["Ficus iodotricha",8],["Solanum saruwagedensis",3],["Passiflora hollrungii",3]],"center":[-6.375,147.125]}},{"type":"Feature","geometry":{"type":"Polygon","coordinates":[[[149.0,-9.25],[149.25,-9.25],[149.25,-9.0],[149.0,-9.0],[149.0,-9.25]]]},"properties":{"records":65,"species":15,"genera":6,"families":0,"top_genera":[["Ficus",43],["Mucuna",10],["Angiopteris",6],["Gnetum",4],["Ludwigia",1]],"top_species":[["Mucuna schlechteri",7],["Angiopteris evecta",6],["Ficus adenosperma",5],["Ficus stellaris",4],["Ficus ampelos",4]],"center":[-9.125,149.125]}},{"type":"Feature","geometry":{"type":"Polygon","coordinates":[[[141.0,-4.75],[141.25,-4.75],[141.25,-4.5],[141.0,-4.5],[141.0,-4.75]]]},"properties":{"records":65,"species":31,"genera":3,"families":0,"top_genera":[["Ficus",61],["Dioscorea",2],["Vernonia",2]],"top_species":[["Ficus septica",6],["Ficus bernaysii",6],["Ficus virgata",4],["Ficus subcuneata",3],["Ficus pungens",3]],"center":[-4.625,141.125]}},{"type":"Feature","geometry":{"type":"Polygon","coordinates":[[[141.0,-5.25],[141.25,-5.25],[141.25,-5.0],[141.0,-5.0],[141.0,-5.25]]]},"properties":{"records":65,"species":20,"genera":10,"families":0,"top_genera":[["Ficus",47],["Cissus",4],["Solanum",3],["Bidens",2],["Lactuca",2]],"top_species":[["Ficus mollior",12],["Ficus dammaropsis",6],["Ficus ribes",5],["Ficus itoana",3],["Bidens pilosa",2]],"center":[-5.125,141.125]}},{"type":"Feature","geometry":{"type":"Polygon","coordinates":[[[148.25,-9.25],[148.5,-9.25],[148.5,-9.0],[148.25,-9.0],[148.25,-9.25]]]},"properties":{"records":65,"species":18,"genera":5,"families":0,"top_genera":[["Ficus",48],["Ipomoea",6],["Dioscorea",4],["Colocasia",4],["Hibiscus",3]],"top_species":[["Ficus bernaysii",6],["Ipomoea batatas",6],["Ficus melinocarpa",4],["Ficus trichocerasa",4],["Ficus ribes",4]],"center":[-9.125,148.375]}},{"type":"Feature","geometry":{"type":"Polygon","coordinates":[[[146.0,-6.0],[146.25,-6.0],[146.25,-5.75],[146.0,-5.75],[146.0,-6.0]]]},"properties":{"records":64,"species":20,"genera":11,"families":0,"top_genera":[["Ficus",35],["Gnetum",6],["Solanum",5],["Vigna",4],["Oenanthe",3]],"top_species":[["Ficus mollior",10],["Gnetum gnemon",6],["Ficus subulata",4],["Oenanthe javanica",3],["Ficus adenosperma",3]],"center":[-5.875,146.125]}},{"type":"Feature","geometry":{"type":"Polygon","coordinates":[[[141.5,-3.0],[141.75,-3.0],[141.75,-2.75],[141.5,-2.75],[141.5,-3.0]]]},"properties":{"records":63,"species":17,"genera":12,"families":0,"top_genera":[["Ficus",26],["Crotalaria",8],["Stenochlaena",4],["Ipomoea",4],["Mucuna",4]],"top_species":[["Ficus adenosperma",12],["Ficus subnervosa",6],["Stenochlaena palustris",4],["Ipomoea pes-caprae",4],["Crotalaria sessiliflora",4]],"center":[-2.875,141.625]}},{"type":"Feature","geometry":{"type":"Polygon","coordinates":[[[150.5,-9.75],[150.75,-9.75],[150.75,-9.5],[150.5,-9.5],[150.5,-9.75]]]},"properties":{"records":62,"species":23,"genera":8,"families":0,"top_genera":[["Ficus",47],["Passiflora",7],["Mucuna",2],["Luffa",2],["Abelmoschus",1]],"top_species":[["Passiflora aurantioides",7],["Ficus funiculosa",4],["Ficus variegata",4],["Ficus virgata",3],["Ficus wassa",3]],"center":[-9.625,150.625]}},{"type":"Feature","geometry":{"type":"Polygon","coordinates":[[[150.75,-10.0],[151.0,-10.0],[151.0,-9.75],[150.75,-9.75],[150.75,-10.0]]]},"properties":{"records":62,"species":15,"genera":8,"families":0,"top_genera":[["Ficus",19],["Dioscorea",14],["Solanum",12],["Gnetum",7],["Passiflora",4]],"top_species":[["Dioscorea bulbifera",8],["Gnetum gnemon",7],["Dioscorea alata",6],["Ficus subulata",5],["Solanum peekelii",5]],"center":[-9.875,150.875]}},{"type":"Feature","geometry":{"type":"Polygon","coordinates":[[[147.25,-7.75],[147.5,-7.75],[147.5,-7.5],[147.25,-7.5],[147.25,-7.75]]]},"properties":{"records":62,"species":13,"genera":9,"families":0,"top_genera":[["Ficus",20],["Gnetum",18],["Solanum",7],["Stenochlaena",6],["Morinda",4]],"top_species":[["Gnetum gnemon",18],["Ficus benjamina",7],["Stenochlaena palustris",6],["Solanum dunalianum",5],["Ficus subcuneata",5]],"center":[-7.625,147.375]}},{"type":"Feature","geometry":{"type":"Polygon","coordinates":[[[147.5,-10.0],[147.75,-10.0],[147.75,-9.75],[147.5,-9.75],[147.5,-10.0]]]},"properties":{"records":62,"species":22,"genera":15,"families":0,"top_genera":[["Albizia",14],["Ficus",12],["Colocasia",8],["Crotalaria",7],["Passiflora",5]],"top_species":[["Albizia carrii",9],["Colocasia esculenta",8],["Ficus opposita",6],["Albizia procera",5],["Crotalaria pallida",4]],"center":[-9.875,147.625]}},{"type":"Feature","geometry":{"type":"Polygon","coordinates":[[[146.5,-2.25],[146.75,-2.25],[146.75,-2.0],[146.5,-2.0],[146.5,-2.25]]]},"properties":{"records":62,"species":21,"genera":10,"families":0,"top_genera":[["Ficus",29],["Gnetum",9],["Cyrtosperma",7],["Ipomoea",6],["Stenochlaena",3]],"top_species":[["Gnetum gnemon",9],["Cyrtosperma merkusii",7],["Ficus microcarpa",5],["Ficus septica",5],["Ipomoea mauritiana",4]],"center":[-2.125,146.625]}},{"type":"Feature","geometry":{"type":"Polygon","coordinates":[[[152.5,-10.75],[152.75,-10.75],[152.75,-10.5],[152.5,-10.5],[152.5,-10.75]]]},"properties":{"records":61,"species":6,"genera":5,"families":0,"top_genera":[["Colocasia",42],["Ipomoea",13],["Xanthosoma",4],["Gnetum",1],["Passiflora",1]],"top_species":[["Colocasia esculenta",42],["Ipomoea batatas",12],["Xanthosoma sagittifolium",4],["Ipomoea violacea",1],["Gnetum gnemon",1]],"center":[-10.625,152.625]}},{"type":"Feature","geometry":{"type":"Polygon","coordinates":[[[142.75,-6.25],[143.0,-6.25],[143.0,-6.0],[142.75,-6.0],[142.75,-6.25]]]},"properties":{"records":61,"species":20,"genera":6,"families":0,"top_genera":[["Ficus",51],["Tithonia",4],["Mucuna",2],["Diplazium",2],["Urena",1]],"top_species":[["Ficus gymnorygma",6],["Ficus mollior",6],["Ficus subulata",4],["Tithonia diversifolia",4],["Ficus gul",4]],"center":[-6.125,142.875]}},{"type":"Feature","geometry":{"type":"Polygon","coordinates":[[[141.25,-7.75],[141.5,-7.75],[141.5,-7.5],[141.25,-7.5],[141.25,-7.75]]]},"properties":{"records":61,"species":31,"genera":20,"families":0,"top_genera":[["Ficus",19],["Nelumbo",8],["Mucuna",5],["Stenochlaena",4],["Cissus",3]],"top_species":[["Nelumbo nucifera",8],["Stenochlaena palustris",4],["Urena lobata",3],["Ficus rhizophoriphylla",3],["Amaranthus tricolor",2]],"center":[-7.625,141.375]}},{"type":"Feature","geometry":{"type":"Polygon","coordinates":[[[148.0,-9.0],[148.25,-9.0],[148.25,-8.75],[148.0,-8.75],[148.0,-9.0]]]},"properties":{"records":60,"species":25,"genera":16,"families":0,"top_genera":[["Ficus",27],["Colocasia",8],["Dioscorea",4],["Diplazium",3],["Trichosanthes",2]],"top_species":[["Colocasia esculenta",8],["Ficus bernaysii",5],["Ficus septica",4],["Diplazium proliferum",3],["Ficus hispida",2]],"center":[-8.875,148.125]}},{"type":"Feature","geometry":{"type":"Polygon","coordinates":[[[148.0,-10.25],[148.25,-10.25],[148.25,-10.0],[148.0,-10.0],[148.0,-10.25]]]},"properties":{"records":60,"species":20,"genera":13,"families":0,"top_genera":[["Solanum",16],["Cajanus",8],["Glycine",7],["Ficus",6],["Portulaca",4]],"top_species":[["Solanum dunalianum",9],["Cajanus reticulatus",7],["Glycine tomentella",5],["Passiflora foetida",4],["Solanum erianthum",4]],"center":[-10.125,148.125]}},{"type":"Feature","geometry":{"type":"Polygon","coordinates":[[[143.75,-6.25],[144.0,-6.25],[144.0,-6.0],[143.75,-6.0],[143.75,-6.25]]]},"properties":{"records":59,"species":20,"genera":12,"families":0,"top_genera":[["Ficus",20],["Solanum",18],["Oenanthe",4],["Crassocephalum",4],["Lactuca",4]],"top_species":[["Solanum multivenosum",5],["Oenanthe javanica",4],["Crassocephalum crepidioides",4],["Ficus pantoniana",3],["Ficus endochaete",3]],"center":[-6.125,143.875]}},{"type":"Feature","geometry":{"type":"Polygon","coordinates":[[[146.25,-6.75],[146.5,-6.75],[146.5,-6.5],[146.25,-6.5],[146.25,-6.75]]]},"properties":{"records":57,"species":19,"genera":10,"families":0,"top_genera":[["Ficus",36],["Crotalaria",12],["Clitoria",2],["Diplazium",1],["Abelmoschus",1]],"top_species":[["Ficus subulata",7],["Crotalaria spectabilis",5],["Ficus subtrinervia",5],["Ficus variegata",4],["Ficus funiculosa",4]],"center":[-6.625,146.375]}},{"type":"Feature","geometry":{"type":"Polygon","coordinates":[[[149.5,-6.25],[149.75,-6.25],[149.75,-6.0],[149.5,-6.0],[149.5,-6.25]]]},"properties":{"records":57,"species":8,"genera":6,"families":0,"top_genera":[["Colocasia",36],["Ipomoea",14],["Ficus",3],["Dioscorea",2],["Solanum",1]],"top_species":[["Colocasia esculenta",36],["Ipomoea batatas",14],["Dioscorea bulbifera",2],["Ficus septica",1],["Ficus botryocarpa",1]],"center":[-6.125,149.625]}},{"type":"Feature","geometry":{"type":"Polygon","coordinates":[[[149.75,-10.0],[150.0,-10.0],[150.0,-9.75],[149.75,-9.75],[149.75,-10.0]]]},"properties":{"records":57,"species":20,"genera":12,"families":0,"top_genera":[["Ficus",26],["Crotalaria",10],["Mucuna",5],["Stenochlaena",4],["Vigna",2]],"top_species":[["Ficus adenosperma",8],["Ficus melinocarpa",5],["Stenochlaena palustris",4],["Ficus racemifera",3],["Ficus benjamina",3]],"center":[-9.875,149.875]}},{"type":"Feature","geometry":{"type":"Polygon","coordinates":[[[147.0,-7.25],[147.25,-7.25],[147.25,-7.0],[147.0,-7.0],[147.0,-7.25]]]},"properties":{"records":56,"species":16,"genera":8,"families":0,"top_genera":[["Ficus",47],["Dioscorea",2],["Cissus",2],["Bidens",1],["Diplazium",1]],"top_species":[["Ficus adenosperma",13],["Ficus ribes",6],["Ficus chrysolepis",5],["Ficus gul",5],["Ficus subulata",4]],"center":[-7.125,147.125]}},{"type":"Feature","geometry":{"type":"Polygon","coordinates":[[[150.5,-5.75],[150.75,-5.75],[150.75,-5.5],[150.5,-5.5],[150.5,-5.75]]]},"properties":{"records":56,"species":14,"genera":7,"families":0,"top_genera":[["Ficus",44],["Crotalaria",3],["Macroptilium",2],["Passiflora",2],["Cissus",2]],"top_species":[["Ficus drupacea",6],["Ficus mollior",6],["Ficus pungens",6],["Ficus funiculosa",4],["Ficus praestans",4]],"center":[-5.625,150.625]}},{"type":"Feature","geometry":{"type":"Polygon","coordinates":[[[144.75,-6.25],[145.0,-6.25],[145.0,-6.0],[144.75,-6.0],[144.75,-6.25]]]},"properties":{"records":55,"species":24,"genera":15,"families":0,"top_genera":[["Ficus",20],["Crotalaria",8],["Ipomoea",5],["Passiflora",4],["Rorippa",3]],"top_species":[["Ipomoea batatas",5],["Ficus hesperidiiformis",4],["Passiflora tarminiana",4],["Ficus subulata",4],["Crotalaria micans",3]],"center":[-6.125,144.875]}},{"type":"Feature","geometry":{"type":"Polygon","coordinates":[[[143.0,-6.0],[143.25,-6.0],[143.25,-5.75],[143.0,-5.75],[143.0,-6.0]]]},"properties":{"records":53,"species":18,"genera":13,"families":0,"top_genera":[["Ficus",22],["Vernonia",7],["Lysimachia",4],["Crassocephalum",3],["Solanum",3]],"top_species":[["Lysimachia japonica",4],["Ficus iodotricha",4],["Crassocephalum crepidioides",3],["Ficus hesperidiiformis",3],["Passiflora tarminiana",3]],"center":[-5.875,143.125]}},{"type":"Feature","geometry":{"type":"Polygon","coordinates":[[[146.5,-6.25],[146.75,-6.25],[146.75,-6.0],[146.5,-6.0],[146.5,-6.25]]]},"properties":{"records":53,"species":21,"genera":15,"families":0,"top_genera":[["Ficus",16],["Passiflora",13],["Polygonum",4],["Oenanthe",4],["Ipomoea",3]],"top_species":[["Passiflora hollrungii",11],["Oenanthe javanica",4],["Ficus hesperidiiformis",2],["Ficus microcarpa",2],["Ipomoea polymorpha",2]],"center":[-6.125,146.625]}},{"type":"Feature","geometry":{"type":"Polygon","coordinates":[[[143.5,-6.25],[143.75,-6.25],[143.75,-6.0],[143.5,-6.0],[143.5,-6.25]]]},"properties":{"records":52,"species":22,"genera":11,"families":0,"top_genera":[["Ficus",24],["Solanum",13],["Centella",2],["Hibiscus",2],["Oenanthe",2]],"top_species":[["Ficus pantoniana",5],["Ficus adenosperma",4],["Ficus melinocarpa",3],["Solanum papuanum",2],["Ficus gymnorygma",2]],"center":[-6.125,143.625]}},{"type":"Feature","geometry":{"type":"Polygon","coordinates":[[[141.25,-3.0],[141.5,-3.0],[141.5,-2.75],[141.25,-2.75],[141.25,-3.0]]]},"properties":{"records":52,"species":20,"genera":9,"families":0,"top_genera":[["Ficus",41],["Crotalaria",4],["Ludwigia",1],["Urena",1],["Limnocharis",1]],"top_species":[["Ficus septica",5],["Crotalaria incana",4],["Ficus subulata",3],["Ficus variegata",3],["Ficus hesperidiiformis",3]],"center":[-2.875,141.375]}},{"type":"Feature","geometry":{"type":"Polygon","coordinates":[[[151.5,-5.5],[151.75,-5.5],[151.75,-5.25],[151.5,-5.25],[151.5,-5.5]]]},"properties":{"records":52,"species":12,"genera":7,"families":0,"top_genera":[["Colocasia",20],["Ipomoea",16],["Ficus",9],["Solanum",3],["Xanthosoma",2]],"top_species":[["Colocasia esculenta",20],["Ipomoea batatas",16],["Solanum torvum",3],["Ficus austrina",3],["Xanthosoma sagittifolium",2]],"center":[-5.375,151.625]}},{"type":"Feature","geometry":{"type":"Polygon","coordinates":[[[146.5,-9.0],[146.75,-9.0],[146.75,-8.75],[146.5,-8.75],[146.5,-9.0]]]},"properties":{"records":51,"species":18,"genera":14,"families":0,"top_genera":[["Ficus",20],["Mucuna",7],["Moringa",7],["Ocimum",3],["Crotalaria",3]],"top_species":[["Ficus tinctoria",9],["Mucuna gigantea",7],["Moringa oleifera",7],["Ficus microcarpa",4],["Crotalaria montana",3]],"center":[-8.875,146.625]}},{"type":"Feature","geometry":{"type":"Polygon","coordinates":[[[143.5,-3.5],[143.75,-3.5],[143.75,-3.25],[143.5,-3.25],[143.5,-3.5]]]},"properties":{"records":51,"species":22,"genera":9,"families":0,"top_genera":[["Ficus",36],["Diplazium",8],["Centella",1],["Mimosa",1],["Clerodendrum",1]],"top_species":[["Diplazium proliferum",8],["Ficus tinctoria",4],["Ficus variegata",4],["Ficus baeuerlenii",2],["Ficus hispida",2]],"center":[-3.375,143.625]}},{"type":"Feature","geometry":{"type":"Polygon","coordinates":[[[145.75,-6.0],[146.0,-6.0],[146.0,-5.75],[145.75,-5.75],[145.75,-6.0]]]},"properties":{"records":50,"species":18,"genera":12,"families":0,"top_genera":[["Ficus",32],["Setaria",4],["Glycine",3],["Alternanthera",2],["Amaranthus",2]],"top_species":[["Ficus mollior",5],["Setaria palmifolia",4],["Ficus subulata",4],["Ficus drupacea",3],["Ficus septica",3]],"center":[-5.875,145.875]}},{"type":"Feature","geometry":{"type":"Polygon","coordinates":[[[149.75,-10.25],[150.0,-10.25],[150.0,-10.0],[149.75,-10.0],[149.75,-10.25]]]},"properties":{"records":50,"species":2,"genera":2,"families":0,"top_genera":[["Colocasia",30],["Ipomoea",20]],"top_species":[["Colocasia esculenta",30],["Ipomoea batatas",20]],"center":[-10.125,149.875]}},{"type":"Feature","geometry":{"type":"Polygon","coordinates":[[[147.5,-6.5],[147.75,-6.5],[147.75,-6.25],[147.5,-6.25],[147.5,-6.5]]]},"properties":{"records":49,"species":19,"genera":8,"families":0,"top_genera":[["Ficus",31],["Solanum",6],["Passiflora",4],["Centella",2],["Mucuna",2]],"top_species":[["Ficus ribes",4],["Ficus subulata",4],["Passiflora edulis",3],["Solanum anfractum",3],["Centella asiatica",2]],"center":[-6.375,147.625]}},{"type":"Feature","geometry":{"type":"Polygon","coordinates":[[[145.5,-6.0],[145.75,-6.0],[145.75,-5.75],[145.5,-5.75],[145.5,-6.0]]]},"properties":{"records":49,"species":18,"genera":13,"families":0,"top_genera":[["Ficus",18],["Gnetum",8],["Cassia",6],["Albizia",3],["Crotalaria",2]],"top_species":[["Gnetum gnemon",8],["Cassia javanica",6],["Albizia retusa",3],["Ficus calopilina",3],["Ficus wassa",3]],"center":[-5.875,145.625]}},{"type":"Feature","geometry":{"type":"Polygon","coordinates":[[[146.0,-4.75],[146.25,-4.75],[146.25,-4.5],[146.0,-4.5],[146.0,-4.75]]]},"properties":{"records":49,"species":16,"genera":4,"families":0,"top_genera":[["Ficus",38],["Crotalaria",6],["Passiflora",4],["Ipomoea",1]],"top_species":[["Ficus copiosa",4],["Passiflora aurantia",4],["Ficus glandifera",4],["Ficus subulata",3],["Ficus adenosperma",3]],"center":[-4.625,146.125]}},{"type":"Feature","geometry":{"type":"Polygon","coordinates":[[[147.25,-7.5],[147.5,-7.5],[147.5,-7.25],[147.25,-7.25],[147.25,-7.5]]]},"properties":{"records":48,"species":15,"genera":8,"families":0,"top_genera":[["Ficus",27],["Morinda",6],["Ipomoea",4],["Mucuna",3],["Cissus",3]],"top_species":[["Morinda citrifolia",6],["Ipomoea pes-caprae",3],["Ficus ampelos",3],["Cissus discolor",3],["Ficus rhizophoriphylla",3]],"center":[-7.375,147.375]}},{"type":"Feature","geometry":{"type":"Polygon","coordinates":[[[151.25,-5.25],[151.5,-5.25],[151.5,-5.0],[151.25,-5.0],[151.25,-5.25]]]},"properties":{"records":48,"species":15,"genera":6,"families":0,"top_genera":[["Ficus",32],["Passiflora",8],["Vigna",3],["Gnetum",2],["Solanum",2]],"top_species":[["Ficus adenosperma",7],["Passiflora aurantioides",6],["Ficus tinctoria",5],["Ficus ribes",4],["Ficus benjamina",3]],"center":[-5.125,151.375]}},{"type":"Feature","geometry":{"type":"Polygon","coordinates":[[[155.25,-6.25],[155.5,-6.25],[155.5,-6.0],[155.25,-6.0],[155.25,-6.25]]]},"properties":{"records":48,"species":14,"genera":5,"families":0,"top_genera":[["Ficus",38],["Canavalia",4],["Mucuna",3],["Solanum",2],["Hibiscus",1]],"top_species":[["Ficus subulata",8],["Ficus pantoniana",5],["Ficus theophrastoides",4],["Canavalia rosea",4],["Ficus erythrosperma",4]],"center":[-6.125,155.375]}},{"type":"Feature","geometry":{"type":"Polygon","coordinates":[[[145.0,-5.75],[145.25,-5.75],[145.25,-5.5],[145.0,-5.5],[145.0,-5.75]]]},"properties":{"records":47,"species":19,"genera":15,"families":0,"top_genera":[["Ficus",12],["Rorippa",6],["Passiflora",5],["Urena",4],["Solanum",4]],"top_species":[["Ficus hesperidiiformis",9],["Urena lobata",4],["Passiflora tarminiana",4],["Bidens pilosa",3],["Rorippa peekelii",3]],"center":[-5.625,145.125]}},{"type":"Feature","geometry":{"type":"Polygon","coordinates":[[[145.0,-4.5],[145.25,-4.5],[145.25,-4.25],[145.0,-4.25],[145.0,-4.5]]]},"properties":{"records":47,"species":23,"genera":6,"families":0,"top_genera":[["Ficus",39],["Mucuna",3],["Crotalaria",2],["Hibiscus",1],["Glycine",1]],"top_species":[["Ficus subulata",5],["Ficus phaeosyce",4],["Ficus armitii",3],["Ficus ampelos",3],["Ficus botryocarpa",3]],"center":[-4.375,145.125]}},{"type":"Feature","geometry":{"type":"Polygon","coordinates":[[[150.25,-5.75],[150.5,-5.75],[150.5,-5.5],[150.25,-5.5],[150.25,-5.75]]]},"properties":{"records":47,"species":14,"genera":4,"families":0,"top_genera":[["Ficus",41],["Cissus",3],["Passiflora",2],["Setaria",1]],"top_species":[["Ficus macrorrhyncha",7],["Ficus adenosperma",6],["Ficus congesta",4],["Ficus melinocarpa",3],["Ficus bernaysii",3]],"center":[-5.625,150.375]}},{"type":"Feature","geometry":{"type":"Polygon","coordinates":[[[153.5,-4.25],[153.75,-4.25],[153.75,-4.0],[153.5,-4.0],[153.5,-4.25]]]},"properties":{"records":46,"species":15,"genera":2,"families":0,"top_genera":[["Ficus",43],["Diplazium",3]],"top_species":[["Ficus benjamina",5],["Ficus tinctoria",5],["Ficus hispida",5],["Ficus pseudojaca",4],["Ficus wassa",4]],"center":[-4.125,153.625]}},{"type":"Feature","geometry":{"type":"Polygon","coordinates":[[[148.75,-9.75],[149.0,-9.75],[149.0,-9.5],[148.75,-9.5],[148.75,-9.75]]]},"properties":{"records":45,"species":13,"genera":6,"families":0,"top_genera":[["Ficus",28],["Solanum",10],["Diplazium",2],["Crassocephalum",2],["Mucuna",2]],"top_species":[["Ficus adenosperma",8],["Ficus subulata",4],["Solanum incanoalabastrum",4],["Solanum petilum",3],["Diplazium proliferum",2]],"center":[-9.625,148.875]}},{"type":"Feature","geometry":{"type":"Polygon","coordinates":[[[145.5,-5.5],[145.75,-5.5],[145.75,-5.25],[145.5,-5.25],[145.5,-5.5]]]},"properties":{"records":45,"species":15,"genera":13,"families":0,"top_genera":[["Ficus",10],["Ceratopteris",9],["Benincasa",6],["Mucuna",5],["Momordica",4]],"top_species":[["Ceratopteris thalictroides",9],["Benincasa hispida",6],["Momordica cochinchinensis",4],["Mucuna warburgii",4],["Gnetum gnemon",3]],"center":[-5.375,145.625]}},{"type":"Feature","geometry":{"type":"Polygon","coordinates":[[[142.5,-6.0],[142.75,-6.0],[142.75,-5.75],[142.5,-5.75],[142.5,-6.0]]]},"properties":{"records":45,"species":14,"genera":4,"families":0,"top_genera":[["Ficus",38],["Passiflora",3],["Solanum",3],["Physalis",1]],"top_species":[["Ficus tinctoria",8],["Ficus adenosperma",7],["Ficus iodotricha",3],["Passiflora ligularis",3],["Ficus hesperidiiformis",3]],"center":[-5.875,142.625]}},{"type":"Feature","geometry":{"type":"Polygon","coordinates":[[[141.0,-3.25],[141.25,-3.25],[141.25,-3.0],[141.0,-3.0],[141.0,-3.25]]]},"properties":{"records":44,"species":11,"genera":7,"families":0,"top_genera":[["Ficus",20],["Ceratopteris",6],["Stenochlaena",6],["Dioscorea",4],["Cissus",4]],"top_species":[["Ceratopteris thalictroides",6],["Stenochlaena palustris",6],["Dioscorea bulbifera",4],["Ficus odoardi",4],["Ficus subulata",3]],"center":[-3.125,141.125]}},{"type":"Feature","geometry":{"type":"Polygon","coordinates":[[[155.5,-6.25],[155.75,-6.25],[155.75,-6.0],[155.5,-6.0],[155.5,-6.25]]]},"properties":{"records":43,"species":23,"genera":14,"families":0,"top_genera":[["Ficus",20],["Mucuna",6],["Sesbania",4],["Mimosa",2],["Crotalaria",2]],"top_species":[["Ficus indigofera",4],["Mucuna brachycarpa",4],["Mimosa diplotricha",2],["Crotalaria incana",2],["Ficus pseudowassa",2]],"center":[-6.125,155.625]}},{"type":"Feature","geometry":{"type":"Polygon","coordinates":[[[150.75,-5.75],[151.0,-5.75],[151.0,-5.5],[150.75,-5.5],[150.75,-5.75]]]},"properties":{"records":43,"species":5,"genera":4,"families":0,"top_genera":[["Colocasia",22],["Ipomoea",8],["Ficus",7],["Dioscorea",6]],"top_species":[["Colocasia esculenta",22],["Ipomoea batatas",8],["Ficus adenosperma",6],["Dioscorea alata",4],["Dioscorea nummularia",2]],"center":[-5.625,150.875]}},{"type":"Feature","geometry":{"type":"Polygon","coordinates":[[[149.25,-10.0],[149.5,-10.0],[149.5,-9.75],[149.25,-9.75],[149.25,-10.0]]]},"properties":{"records":42,"species":18,"genera":3,"families":0,"top_genera":[["Ficus",34],["Solanum",7],["Crassocephalum",1]],"top_species":[["Ficus pantoniana",3],["Ficus subulata",2],["Ficus melinocarpa",2],["Ficus bernaysii",2],["Ficus complexa",2]],"center":[-9.875,149.375]}},{"type":"Feature","geometry":{"type":"Polygon","coordinates":[[[146.25,-7.5],[146.5,-7.5],[146.5,-7.25],[146.25,-7.25],[146.25,-7.5]]]},"properties":{"records":42,"species":11,"genera":7,"families":0,"top_genera":[["Solanum",14],["Ficus",12],["Passiflora",10],["Polygonum",2],["Cissus",2]],"top_species":[["Ficus septica",5],["Passiflora antioquiensis",4],["Passiflora aurantioides",3],["Solanum trichostylum",3],["Solanum expedunculatum",2]],"center":[-7.375,146.375]}},{"type":"Feature","geometry":{"type":"Polygon","coordinates":[[[143.0,-9.0],[143.25,-9.0],[143.25,-8.75],[143.0,-8.75],[143.0,-9.0]]]},"properties":{"records":42,"species":20,"genera":11,"families":0,"top_genera":[["Ficus",16],["Mucuna",8],["Solanum",4],["Polygonum",3],["Ceratopteris",2]],"top_species":[["Ficus virgata",5],["Ficus hesperidiiformis",5],["Mucuna bennettii",5],["Solanum viridifolium",4],["Ceratopteris thalictroides",2]],"center":[-8.875,143.125]}},{"type":"Feature","geometry":{"type":"Polygon","coordinates":[[[141.5,-5.25],[141.75,-5.25],[141.75,-5.0],[141.5,-5.0],[141.5,-5.25]]]},"properties":{"records":42,"species":19,"genera":13,"families":0,"top_genera":[["Ficus",26],["Glycine",2],["Crotalaria",2],["Setaria",2],["Rorippa",2]],"top_species":[["Ficus adenosperma",7],["Ficus chrysolepis",4],["Ficus ribes",3],["Ficus hesperidiiformis",3],["Ficus pantoniana",2]],"center":[-5.125,141.625]}},{"type":"Feature","geometry":{"type":"Polygon","coordinates":[[[141.0,-2.75],[141.25,-2.75],[141.25,-2.5],[141.0,-2.5],[141.0,-2.75]]]},"properties":{"records":42,"species":16,"genera":13,"families":0,"top_genera":[["Ficus",11],["Clerodendrum",5],["Canavalia",4],["Bidens",4],["Mucuna",3]],"top_species":[["Clerodendrum paniculatum",5],["Bidens alba",4],["Ficus pungens",4],["Gnetum gnemon",3],["Crotalaria trichotoma",3]],"center":[-2.625,141.125]}},{"type":"Feature","geometry":{"type":"Polygon","coordinates":[[[149.25,-10.5],[149.5,-10.5],[149.5,-10.25],[149.25,-10.25],[149.25,-10.5]]]},"properties":{"records":42,"species":9,"genera":4,"families":0,"top_genera":[["Ficus",32],["Crotalaria",4],["Ipomoea",4],["Celosia",2]],"top_species":[["Ficus hispida",10],["Ficus racemifera",7],["Ficus adenosperma",5],["Crotalaria pallida",4],["Ipomoea pes-caprae",3]],"center":[-10.375,149.375]}},{"type":"Feature","geometry":{"type":"Polygon","coordinates":[[[147.75,-9.75],[148.0,-9.75],[148.0,-9.5],[147.75,-9.5],[147.75,-9.75]]]},"properties":{"records":42,"species":9,"genera":8,"families":0,"top_genera":[["Dioscorea",18],["Colocasia",16],["Xanthosoma",2],["Ipomoea",2],["Amaranthus",1]],"top_species":[["Colocasia esculenta",16],["Dioscorea esculenta",14],["Dioscorea alata",4],["Xanthosoma sagittifolium",2],["Ipomoea batatas",2]],"center":[-9.625,147.875]}},{"type":"Feature","geometry":{"type":"Polygon","coordinates":[[[153.0,-4.5],[153.25,-4.5],[153.25,-4.25],[153.0,-4.25],[153.0,-4.5]]]},"properties":{"records":41,"species":12,"genera":8,"families":0,"top_genera":[["Ficus",24],["Morinda",5],["Solanum",3],["Diplazium",3],["Clerodendrum",2]],"top_species":[["Ficus pungens",5],["Morinda citrifolia",5],["Diplazium proliferum",3],["Clerodendrum paniculatum",2],["Angiopteris evecta",2]],"center":[-4.375,153.125]}},{"type":"Feature","geometry":{"type":"Polygon","coordinates":[[[146.25,-6.5],[146.5,-6.5],[146.5,-6.25],[146.25,-6.25],[146.25,-6.5]]]},"properties":{"records":41,"species":21,"genera":13,"families":0,"top_genera":[["Ficus",10],["Crotalaria",9],["Mucuna",5],["Ceratopteris",4],["Abelmoschus",4]],"top_species":[["Ficus adenosperma",5],["Crotalaria alata",5],["Ceratopteris thalictroides",4],["Mucuna pruriens",4],["Ficus microcarpa",4]],"center":[-6.375,146.375]}},{"type":"Feature","geometry":{"type":"Polygon","coordinates":[[[151.0,-2.75],[151.25,-2.75],[151.25,-2.5],[151.0,-2.5],[151.0,-2.75]]]},"properties":{"records":41,"species":14,"genera":9,"families":0,"top_genera":[["Ficus",18],["Vigna",5],["Gnetum",4],["Leucaena",4],["Passiflora",3]],"top_species":[["Vigna marina",5],["Ficus mollior",5],["Gnetum gnemon",4],["Leucaena leucocephala",4],["Passiflora aurantioides",3]],"center":[-2.625,151.125]}},{"type":"Feature","geometry":{"type":"Polygon","coordinates":[[[146.5,-8.5],[146.75,-8.5],[146.75,-8.25],[146.5,-8.25],[146.5,-8.5]]]},"properties":{"records":41,"species":8,"genera":8,"families":0,"top_genera":[["Ficus",19],["Hibiscus",9],["Gnetum",6],["Diplazium",3],["Peperomia",1]],"top_species":[["Ficus subulata",11],["Gnetum gnemon",6],["Diplazium proliferum",3],["Ficus armitii",1],["Peperomia pellucida",1]],"center":[-8.375,146.625]}},{"type":"Feature","geometry":{"type":"Polygon","coordinates":[[[145.0,-4.75],[145.25,-4.75],[145.25,-4.5],[145.0,-4.5],[145.0,-4.75]]]},"properties":{"records":41,"species":22,"genera":11,"families":0,"top_genera":[["Ficus",25],["Solanum",4],["Urena",2],["Ocimum",2],["Cissus",2]],"top_species":[["Ficus mollior",5],["Ficus adenosperma",4],["Solanum dunalianum",3],["Urena lobata",2],["Ocimum gratissimum",2]],"center":[-4.625,145.125]}},{"type":"Feature","geometry":{"type":"Polygon","coordinates":[[[147.0,-9.0],[147.25,-9.0],[147.25,-8.75],[147.0,-8.75],[147.0,-9.0]]]},"properties":{"records":41,"species":26,"genera":15,"families":0,"top_genera":[["Ficus",21],["Cajanus",4],["Ocimum",2],["Ipomoea",2],["Vigna",2]],"top_species":[["Ficus copiosa",3],["Cajanus scarabaeoides",3],["Ficus mollior",2],["Ficus adenosperma",2],["Ficus subulata",2]],"center":[-8.875,147.125]}},{"type":"Feature","geometry":{"type":"Polygon","coordinates":[[[146.75,-7.75],[147.0,-7.75],[147.0,-7.5],[146.75,-7.5],[146.75,-7.75]]]},"properties":{"records":40,"species":14,"genera":5,"families":0,"top_genera":[["Ficus",30],["Diplazium",4],["Gnetum",4],["Trichosanthes",1],["Salvia",1]],"top_species":[["Ficus erythrosperma",5],["Diplazium proliferum",4],["Gnetum gnemon",4],["Ficus adenosperma",3],["Ficus quercetorum",2]],"center":[-7.625,146.875]}},{"type":"Feature","geometry":{"type":"Polygon","coordinates":[[[145.0,-7.0],[145.25,-7.0],[145.25,-6.75],[145.0,-6.75],[145.0,-7.0]]]},"properties":{"records":40,"species":21,"genera":6,"families":0,"top_genera":[["Ficus",33],["Ludwigia",2],["Solanum",2],["Gnetum",1],["Celosia",1]],"top_species":[["Ludwigia octovalvis",2],["Ficus wassa",2],["Ficus hahliana",2],["Ficus itoana",2],["Ficus microcarpa",2]],"center":[-6.875,145.125]}},{"type":"Feature","geometry":{"type":"Polygon","coordinates":[[[144.75,-5.75],[145.0,-5.75],[145.0,-5.5],[144.75,-5.5],[144.75,-5.75]]]},"properties":{"records":39,"species":11,"genera":9,"families":0,"top_genera":[["Ficus",11],["Solanum",8],["Diplazium",6],["Gnetum",4],["Setaria",4]],"top_species":[["Diplazium esculentum",6],["Solanum anfractum",5],["Gnetum gnemon",4],["Ficus opposita",4],["Setaria palmifolia",4]],"center":[-5.625,144.875]}},{"type":"Feature","geometry":{"type":"Polygon","coordinates":[[[147.25,-6.75],[147.5,-6.75],[147.5,-6.5],[147.25,-6.5],[147.25,-6.75]]]},"properties":{"records":39,"species":10,"genera":4,"families":0,"top_genera":[["Ficus",32],["Mucuna",5],["Spilanthes",1],["Solanum",1]],"top_species":[["Ficus subulata",6],["Ficus adenosperma",3],["Ficus conocephalifolia",3],["Ficus morobensis",3],["Ficus mollior",2]],"center":[-6.625,147.375]}},{"type":"Feature","geometry":{"type":"Polygon","coordinates":[[[142.5,-6.25],[142.75,-6.25],[142.75,-6.0],[142.5,-6.0],[142.5,-6.25]]]},"properties":{"records":39,"species":21,"genera":5,"families":0,"top_genera":[["Ficus",35],["Ipomoea",1],["Cissus",1],["Crassocephalum",1],["Setaria",1]],"top_species":[["Ficus odoardi",3],["Ficus comitis",3],["Ficus wassa",3],["Ficus dammaropsis",3],["Ficus hesperidiiformis",2]],"center":[-6.125,142.625]}},{"type":"Feature","geometry":{"type":"Polygon","coordinates":[[[149.25,-10.25],[149.5,-10.25],[149.5,-10.0],[149.25,-10.0],[149.25,-10.25]]]},"properties":{"records":39,"species":8,"genera":9,"families":0,"top_genera":[["Mucuna",11],["Ficus",10],["Cassia",5],["Diplazium",3],["Angiopteris",3]],"top_species":[["Ficus septica",6],["Mucuna platyphylla",6],["Diplazium proliferum",3],["Angiopteris evecta",3],["Celosia argentea",2]],"center":[-10.125,149.375]}},{"type":"Feature","geometry":{"type":"Polygon","coordinates":[[[147.0,-2.25],[147.25,-2.25],[147.25,-2.0],[147.0,-2.0],[147.0,-2.25]]]},"properties":{"records":38,"species":14,"genera":5,"families":0,"top_genera":[["Ficus",26],["Dioscorea",5],["Senna",4],["Benincasa",2],["Mimosa",1]],"top_species":[["Ficus microcarpa",6],["Senna occidentalis",4],["Dioscorea bulbifera",4],["Ficus edelfeltii",3],["Ficus wassa",3]],"center":[-2.125,147.125]}},{"type":"Feature","geometry":{"type":"Polygon","coordinates":[[[141.75,-4.75],[142.0,-4.75],[142.0,-4.5],[141.75,-4.5],[141.75,-4.75]]]},"properties":{"records":38,"species":11,"genera":3,"families":0,"top_genera":[["Ficus",35],["Gnetum",2],["Hibiscus",1]],"top_species":[["Ficus hesperidiiformis",5],["Ficus drupacea",4],["Ficus trichocerasa",4],["Ficus trachypison",2],["Ficus gymnorygma",2]],"center":[-4.625,141.875]}},{"type":"Feature","geometry":{"type":"Polygon","coordinates":[[[143.0,-6.75],[143.25,-6.75],[143.25,-6.5],[143.0,-6.5],[143.0,-6.75]]]},"properties":{"records":38,"species":14,"genera":4,"families":0,"top_genera":[["Ficus",28],["Mucuna",5],["Diplazium",4],["Hibiscus",1]],"top_species":[["Mucuna novoguineensis",5],["Diplazium proliferum",4],["Ficus botryocarpa",3],["Ficus wassa",2],["Ficus erythrosperma",2]],"center":[-6.625,143.125]}},{"type":"Feature","geometry":{"type":"Polygon","coordinates":[[[150.25,-9.5],[150.5,-9.5],[150.5,-9.25],[150.25,-9.25],[150.25,-9.5]]]},"properties":{"records":37,"species":18,"genera":10,"families":0,"top_genera":[["Ficus",20],["Crotalaria",5],["Luffa",2],["Solanum",2],["Glycine",2]],"top_species":[["Ficus hesperidiiformis",3],["Crotalaria pallida",2],["Crotalaria montana",2],["Luffa aegyptiaca",2],["Ficus septica",2]],"center":[-9.375,150.375]}},{"type":"Feature","geometry":{"type":"Polygon","coordinates":[[[148.25,-5.5],[148.5,-5.5],[148.5,-5.25],[148.25,-5.25],[148.25,-5.5]]]},"properties":{"records":37,"species":14,"genera":7,"families":0,"top_genera":[["Ficus",25],["Ipomoea",3],["Capsicum",2],["Gnetum",2],["Passiflora",2]],"top_species":[["Ficus trachypison",6],["Ficus septica",4],["Ficus subulata",4],["Ficus gul",3],["Ficus funiculosa",3]],"center":[-5.375,148.375]}},{"type":"Feature","geometry":{"type":"Polygon","coordinates":[[[147.25,-8.75],[147.5,-8.75],[147.5,-8.5],[147.25,-8.5],[147.25,-8.75]]]},"properties":{"records":36,"species":11,"genera":3,"families":0,"top_genera":[["Ficus",29],["Solanum",5],["Mucuna",2]],"top_species":[["Ficus quercetorum",4],["Ficus adenosperma",3],["Ficus oxymitroides",3],["Ficus sublimbata",3],["Solanum trichostylum",3]],"center":[-8.625,147.375]}},{"type":"Feature","geometry":{"type":"Polygon","coordinates":[[[141.75,-3.25],[142.0,-3.25],[142.0,-3.0],[141.75,-3.0],[141.75,-3.25]]]},"properties":{"records":36,"species":7,"genera":5,"families":0,"top_genera":[["Ficus",24],["Hibiscus",8],["Crotalaria",2],["Ipomoea",1],["Vigna",1]],"top_species":[["Ficus copiosa",6],["Ficus congesta",4],["Ficus hesperidiiformis",2],["Ficus macrorrhyncha",2],["Crotalaria micans",2]],"center":[-3.125,141.875]}},{"type":"Feature","geometry":{"type":"Polygon","coordinates":[[[150.0,-5.25],[150.25,-5.25],[150.25,-5.0],[150.0,-5.0],[150.0,-5.25]]]},"properties":{"records":36,"species":22,"genera":14,"families":0,"top_genera":[["Ficus",12],["Vigna",6],["Senna",2],["Phaseolus",2],["Passiflora",2]],"top_species":[["Vigna marina",5],["Senna alata",2],["Phaseolus vulgaris",2],["Ficus wassa",2],["Crotalaria quinquefolia",2]],"center":[-5.125,150.125]}},{"type":"Feature","geometry":{"type":"Polygon","coordinates":[[[150.75,-2.75],[151.0,-2.75],[151.0,-2.5],[150.75,-2.5],[150.75,-2.75]]]},"properties":{"records":36,"species":22,"genera":14,"families":0,"top_genera":[["Ceratopteris",7],["Ipomoea",6],["Stenochlaena",5],["Ficus",5],["Crotalaria",3]],"top_species":[["Ceratopteris thalictroides",7],["Stenochlaena palustris",5],["Ipomoea obscura",4],["Mimosa pudica",1],["Ficus septica",1]],"center":[-2.625,150.875]}},{"type":"Feature","geometry":{"type":"Polygon","coordinates":[[[143.25,-4.75],[143.5,-4.75],[143.5,-4.5],[143.25,-4.5],[143.25,-4.75]]]},"properties":{"records":36,"species":14,"genera":9,"families":0,"top_genera":[["Ficus",11],["Gnetum",6],["Stenochlaena",6],["Ipomoea",3],["Morinda",2]],"top_species":[["Ficus copiosa",7],["Gnetum gnemon",6],["Stenochlaena palustris",6],["Morinda citrifolia",2],["Capsicum frutescens",2]],"center":[-4.625,143.375]}},{"type":"Feature","geometry":{"type":"Polygon","coordinates":[[[144.0,-4.25],[144.25,-4.25],[144.25,-4.0],[144.0,-4.0],[144.0,-4.25]]]},"properties":{"records":36,"species":14,"genera":10,"families":0,"top_genera":[["Ficus",14],["Crotalaria",6],["Rorippa",4],["Luffa",3],["Hibiscus",2]],"top_species":[["Crotalaria sessiliflora",6],["Ficus subulata",3],["Luffa aegyptiaca",3],["Ficus racemifera",3],["Ficus virens",2]],"center":[-4.125,144.125]}},{"type":"Feature","geometry":{"type":"Polygon","coordinates":[[[146.0,-8.0],[146.25,-8.0],[146.25,-7.75],[146.0,-7.75],[146.0,-8.0]]]},"properties":{"records":36,"species":8,"genera":5,"families":0,"top_genera":[["Ficus",18],["Albizia",7],["Gnetum",6],["Stenochlaena",4],["Portulaca",1]],"top_species":[["Albizia papuensis",7],["Gnetum gnemon",6],["Stenochlaena palustris",4],["Ficus subulata",3],["Ficus erythrosperma",2]],"center":[-7.875,146.125]}},{"type":"Feature","geometry":{"type":"Polygon","coordinates":[[[142.0,-3.25],[142.25,-3.25],[142.25,-3.0],[142.0,-3.0],[142.0,-3.25]]]},"properties":{"records":35,"species":8,"genera":5,"families":0,"top_genera":[["Ficus",18],["Hibiscus",8],["Passiflora",4],["Gnetum",4],["Diplazium",1]],"top_species":[["Ficus dammaropsis",7],["Passiflora foetida",4],["Gnetum gnemon",4],["Ficus adenosperma",3],["Ficus subulata",2]],"center":[-3.125,142.125]}},{"type":"Feature","geometry":{"type":"Polygon","coordinates":[[[152.75,-4.5],[153.0,-4.5],[153.0,-4.25],[152.75,-4.25],[152.75,-4.5]]]},"properties":{"records":34,"species":12,"genera":4,"families":0,"top_genera":[["Ficus",27],["Solanum",3],["Colocasia",3],["Rorippa",1]],"top_species":[["Colocasia esculenta",3],["Ficus macrorrhyncha",3],["Ficus itoana",2],["Ficus copiosa",2],["Rorippa peekelii",1]],"center":[-4.375,152.875]}},{"type":"Feature","geometry":{"type":"Polygon","coordinates":[[[153.0,-4.25],[153.25,-4.25],[153.25,-4.0],[153.0,-4.0],[153.0,-4.25]]]},"properties":{"records":34,"species":9,"genera":1,"families":0,"top_genera":[["Ficus",34]],"top_species":[["Ficus copiosa",6],["Ficus albipila",5],["Ficus itoana",4],["Ficus subcuneata",4],["Ficus adenosperma",3]],"center":[-4.125,153.125]}},{"type":"Feature","geometry":{"type":"Polygon","coordinates":[[[142.0,-3.5],[142.25,-3.5],[142.25,-3.25],[142.0,-3.25],[142.0,-3.5]]]},"properties":{"records":34,"species":10,"genera":8,"families":0,"top_genera":[["Ficus",21],["Mucuna",4],["Oenanthe",2],["Bidens",2],["Mimosa",2]],"top_species":[["Ficus subulata",5],["Ficus ampelos",3],["Oenanthe javanica",2],["Mimosa pudica",2],["Ficus trachypison",2]],"center":[-3.375,142.125]}},{"type":"Feature","geometry":{"type":"Polygon","coordinates":[[[150.0,-9.75],[150.25,-9.75],[150.25,-9.5],[150.0,-9.5],[150.0,-9.75]]]},"properties":{"records":34,"species":18,"genera":9,"families":0,"top_genera":[["Ficus",16],["Crotalaria",9],["Gnetum",3],["Stenochlaena",1],["Clitoria",1]],"top_species":[["Ficus racemifera",3],["Gnetum gnemon",3],["Ficus benjamina",3],["Ficus glandifera",2],["Ficus prasinicarpa",2]],"center":[-9.625,150.125]}},{"type":"Feature","geometry":{"type":"Polygon","coordinates":[[[146.0,-6.5],[146.25,-6.5],[146.25,-6.25],[146.0,-6.25],[146.0,-6.5]]]},"properties":{"records":33,"species":12,"genera":5,"families":0,"top_genera":[["Ficus",24],["Mucuna",3],["Hibiscus",3],["Amaranthus",2],["Setaria",1]],"top_species":[["Ficus casearioides",8],["Ficus disticha",2],["Ficus trichocerasa",2],["Ficus calopilina",2],["Ficus pungens",2]],"center":[-6.375,146.125]}},{"type":"Feature","geometry":{"type":"Polygon","coordinates":[[[143.25,-5.5],[143.5,-5.5],[143.5,-5.25],[143.25,-5.25],[143.25,-5.5]]]},"properties":{"records":33,"species":13,"genera":13,"families":0,"top_genera":[["Ficus",7],["Galinsoga",4],["Crassocephalum",3],["Rorippa",3],["Polygonum",3]],"top_species":[["Ficus adenosperma",6],["Galinsoga parviflora",4],["Crassocephalum crepidioides",3],["Oenanthe javanica",2],["Centella asiatica",2]],"center":[-5.375,143.375]}},{"type":"Feature","geometry":{"type":"Polygon","coordinates":[[[150.0,-5.0],[150.25,-5.0],[150.25,-4.75],[150.0,-4.75],[150.0,-5.0]]]},"properties":{"records":33,"species":9,"genera":3,"families":0,"top_genera":[["Ficus",27],["Gnetum",4],["Morinda",2]],"top_species":[["Ficus wassa",6],["Ficus benjamina",5],["Gnetum gnemon",4],["Ficus ampelos",4],["Ficus bernaysii",3]],"center":[-4.875,150.125]}},{"type":"Feature","geometry":{"type":"Polygon","coordinates":[[[144.0,-6.25],[144.25,-6.25],[144.25,-6.0],[144.0,-6.0],[144.0,-6.25]]]},"properties":{"records":33,"species":9,"genera":7,"families":0,"top_genera":[["Ficus",9],["Lysimachia",8],["Setaria",6],["Oenanthe",5],["Bidens",3]],"top_species":[["Lysimachia japonica",8],["Setaria palmifolia",6],["Ficus hesperidiiformis",5],["Oenanthe javanica",5],["Bidens pilosa",3]],"center":[-6.125,144.125]}},{"type":"Feature","geometry":{"type":"Polygon","coordinates":[[[141.25,-9.0],[141.5,-9.0],[141.5,-8.75],[141.25,-8.75],[141.25,-9.0]]]},"properties":{"records":33,"species":15,"genera":15,"families":0,"top_genera":[["Solanum",10],["Stenochlaena",4],["Asystasia",3],["Cissus",2],["Cosmos",2]],"top_species":[["Solanum dunalianum",6],["Solanum viridifolium",4],["Stenochlaena palustris",4],["Asystasia gangetica",3],["Cosmos caudatus",2]],"center":[-8.875,141.375]}},{"type":"Feature","geometry":{"type":"Polygon","coordinates":[[[150.0,-6.0],[150.25,-6.0],[150.25,-5.75],[150.0,-5.75],[150.0,-6.0]]]},"properties":{"records":33,"species":9,"genera":3,"families":0,"top_genera":[["Ficus",30],["Senna",2],["Mucuna",1]],"top_species":[["Ficus adenosperma",9],["Ficus subulata",4],["Ficus gracillima",3],["Ficus arbuscula",3],["Ficus macrorrhyncha",3]],"center":[-5.875,150.125]}},{"type":"Feature","geometry":{"type":"Polygon","coordinates":[[[151.25,-5.0],[151.5,-5.0],[151.5,-4.75],[151.25,-4.75],[151.25,-5.0]]]},"properties":{"records":32,"species":9,"genera":6,"families":0,"top_genera":[["Ficus",17],["Gnetum",4],["Dioscorea",3],["Ipomoea",3],["Vigna",3]],"top_species":[["Ficus adenosperma",6],["Gnetum gnemon",4],["Dioscorea pentaphylla",3],["Ipomoea pes-caprae",3],["Vigna marina",3]],"center":[-4.875,151.375]}},{"type":"Feature","geometry":{"type":"Polygon","coordinates":[[[145.0,-7.75],[145.25,-7.75],[145.25,-7.5],[145.0,-7.5],[145.0,-7.75]]]},"properties":{"records":32,"species":11,"genera":5,"families":0,"top_genera":[["Ficus",22],["Cissus",3],["Luffa",3],["Stenochlaena",2],["Mucuna",2]],"top_species":[["Ficus virgata",5],["Ficus adenosperma",5],["Ficus racemifera",5],["Ficus septica",4],["Luffa aegyptiaca",3]],"center":[-7.625,145.125]}},{"type":"Feature","geometry":{"type":"Polygon","coordinates":[[[149.5,-10.25],[149.75,-10.25],[149.75,-10.0],[149.5,-10.0],[149.5,-10.25]]]},"properties":{"records":32,"species":10,"genera":5,"families":0,"top_genera":[["Ficus",21],["Crotalaria",5],["Vernonia",3],["Cissus",2],["Mucuna",1]],"top_species":[["Crotalaria montana",4],["Ficus septica",4],["Ficus odoardi",3],["Ficus armitii",3],["Ficus itoana",3]],"center":[-10.125,149.625]}},{"type":"Feature","geometry":{"type":"Polygon","coordinates":[[[144.0,-5.5],[144.25,-5.5],[144.25,-5.25],[144.0,-5.25],[144.0,-5.5]]]},"properties":{"records":32,"species":12,"genera":5,"families":0,"top_genera":[["Ficus",26],["Crotalaria",3],["Solanum",1],["Curcuma",1],["Mucuna",1]],"top_species":[["Ficus itoana",4],["Ficus sublimbata",4],["Ficus hesperidiiformis",3],["Ficus macrorrhyncha",3],["Ficus casearioides",2]],"center":[-5.375,144.125]}},{"type":"Feature","geometry":{"type":"Polygon","coordinates":[[[143.5,-3.75],[143.75,-3.75],[143.75,-3.5],[143.5,-3.5],[143.5,-3.75]]]},"properties":{"records":32,"species":19,"genera":14,"families":0,"top_genera":[["Ficus",10],["Mucuna",4],["Crotalaria",3],["Urena",2],["Hibiscus",2]],"top_species":[["Urena lobata",2],["Ficus gul",2],["Crotalaria sessiliflora",2],["Ficus subulata",2],["Ficus baeuerlenii",2]],"center":[-3.625,143.625]}},{"type":"Feature","geometry":{"type":"Polygon","coordinates":[[[152.75,-10.75],[153.0,-10.75],[153.0,-10.5],[152.75,-10.5],[152.75,-10.75]]]},"properties":{"records":32,"species":15,"genera":9,"families":0,"top_genera":[["Ficus",7],["Colocasia",6],["Abelmoschus",6],["Portulaca",3],["Solanum",3]],"top_species":[["Colocasia esculenta",6],["Abelmoschus moschatus",4],["Portulaca pilosa",3],["Passiflora aurantioides",3],["Ficus tinctoria",2]],"center":[-10.625,152.875]}},{"type":"Feature","geometry":{"type":"Polygon","coordinates":[[[143.75,-5.75],[144.0,-5.75],[144.0,-5.5],[143.75,-5.5],[143.75,-5.75]]]},"properties":{"records":32,"species":10,"genera":8,"families":0,"top_genera":[["Ficus",12],["Crotalaria",6],["Setaria",4],["Centella",3],["Crassocephalum",3]],"top_species":[["Setaria palmifolia",4],["Ficus adenosperma",4],["Ficus trichocerasa",4],["Centella asiatica",3],["Crassocephalum crepidioides",3]],"center":[-5.625,143.875]}},{"type":"Feature","geometry":{"type":"Polygon","coordinates":[[[150.0,-10.5],[150.25,-10.5],[150.25,-10.25],[150.0,-10.25],[150.0,-10.5]]]},"properties":{"records":32,"species":11,"genera":8,"families":0,"top_genera":[["Ficus",16],["Angiopteris",6],["Dioscorea",3],["Vigna",2],["Portulaca",2]],"top_species":[["Angiopteris evecta",6],["Ficus itoana",4],["Dioscorea bulbifera",3],["Portulaca pilosa",2],["Ficus subcordata",2]],"center":[-10.375,150.125]}},{"type":"Feature","geometry":{"type":"Polygon","coordinates":[[[146.25,-5.0],[146.5,-5.0],[146.5,-4.75],[146.25,-4.75],[146.25,-5.0]]]},"properties":{"records":32,"species":12,"genera":2,"families":0,"top_genera":[["Ficus",31],["Gnetum",1]],"top_species":[["Ficus mollior",4],["Ficus tinctoria",3],["Ficus calopilina",3],["Ficus erythrosperma",3],["Ficus pungens",3]],"center":[-4.875,146.375]}},{"type":"Feature","geometry":{"type":"Polygon","coordinates":[[[147.75,-6.75],[148.0,-6.75],[148.0,-6.5],[147.75,-6.5],[147.75,-6.75]]]},"properties":{"records":31,"species":19,"genera":14,"families":0,"top_genera":[["Ficus",7],["Passiflora",4],["Abelmoschus",3],["Cissus",3],["Celosia",2]],"top_species":[["Ficus trachypison",3],["Passiflora aurantia",3],["Abelmoschus manihot",3],["Cissus aristata",3],["Celosia argentea",2]],"center":[-6.625,147.875]}},{"type":"Feature","geometry":{"type":"Polygon","coordinates":[[[151.5,-5.0],[151.75,-5.0],[151.75,-4.75],[151.5,-4.75],[151.5,-5.0]]]},"properties":{"records":31,"species":10,"genera":3,"families":0,"top_genera":[["Ficus",24],["Gnetum",5],["Mucuna",2]],"top_species":[["Gnetum gnemon",5],["Ficus variegata",4],["Ficus wassa",4],["Ficus pungens",3],["Ficus funiculosa",2]],"center":[-4.875,151.625]}},{"type":"Feature","geometry":{"type":"Polygon","coordinates":[[[142.75,-6.0],[143.0,-6.0],[143.0,-5.75],[142.75,-5.75],[142.75,-6.0]]]},"properties":{"records":31,"species":18,"genera":12,"families":0,"top_genera":[["Ficus",11],["Alternanthera",3],["Amaranthus",3],["Lysimachia",3],["Solanum",2]],"top_species":[["Alternanthera sessilis",3],["Ficus adenosperma",3],["Lysimachia japonica",3],["Ficus subulata",2],["Ficus mollior",2]],"center":[-5.875,142.875]}},{"type":"Feature","geometry":{"type":"Polygon","coordinates":[[[145.75,-6.25],[146.0,-6.25],[146.0,-6.0],[145.75,-6.0],[145.75,-6.25]]]},"properties":{"records":31,"species":20,"genera":13,"families":0,"top_genera":[["Ficus",11],["Amaranthus",5],["Mimosa",2],["Solanum",2],["Salvia",2]],"top_species":[["Ficus adenosperma",4],["Mimosa diplotricha",2],["Solanum torvum",2],["Salvia misella",2],["Amaranthus blitum",2]],"center":[-6.125,145.875]}},{"type":"Feature","geometry":{"type":"Polygon","coordinates":[[[143.25,-4.5],[143.5,-4.5],[143.5,-4.25],[143.25,-4.25],[143.25,-4.5]]]},"properties":{"records":31,"species":10,"genera":7,"families":0,"top_genera":[["Stenochlaena",9],["Ficus",9],["Amaranthus",5],["Passiflora",4],["Celosia",2]],"top_species":[["Stenochlaena palustris",9],["Amaranthus tricolor",5],["Ficus subulata",4],["Passiflora foetida",4],["Ficus copiosa",3]],"center":[-4.375,143.375]}},{"type":"Feature","geometry":{"type":"Polygon","coordinates":[[[152.0,-4.75],[152.25,-4.75],[152.25,-4.5],[152.0,-4.5],[152.0,-4.75]]]},"properties":{"records":31,"species":11,"genera":9,"families":0,"top_genera":[["Ficus",8],["Solanum",7],["Mimosa",3],["Setaria",3],["Tithonia",3]],"top_species":[["Solanum torvum",3],["Mimosa pudica",3],["Setaria palmifolia",3],["Tithonia diversifolia",3],["Ficus scratchleyana",2]],"center":[-4.625,152.125]}},{"type":"Feature","geometry":{"type":"Polygon","coordinates":[[[148.75,-9.5],[149.0,-9.5],[149.0,-9.25],[148.75,-9.25],[148.75,-9.5]]]},"properties":{"records":31,"species":10,"genera":5,"families":0,"top_genera":[["Ficus",21],["Gnetum",5],["Morinda",2],["Mucuna",2],["Polygonum",1]],"top_species":[["Ficus copiosa",9],["Gnetum gnemon",5],["Ficus stellaris",3],["Ficus trachypison",3],["Morinda citrifolia",2]],"center":[-9.375,148.875]}},{"type":"Feature","geometry":{"type":"Polygon","coordinates":[[[143.5,-5.75],[143.75,-5.75],[143.75,-5.5],[143.5,-5.5],[143.5,-5.75]]]},"properties":{"records":30,"species":11,"genera":5,"families":0,"top_genera":[["Rorippa",14],["Ficus",12],["Centella",2],["Solanum",1],["Oenanthe",1]],"top_species":[["Ficus trichocerasa",5],["Rorippa peekelii",5],["Ficus adenosperma",3],["Centella asiatica",2],["Rorippa schlechteri",2]],"center":[-5.625,143.625]}},{"type":"Feature","geometry":{"type":"Polygon","coordinates":[[[146.75,-2.25],[147.0,-2.25],[147.0,-2.0],[146.75,-2.0],[146.75,-2.25]]]},"properties":{"records":30,"species":9,"genera":3,"families":0,"top_genera":[["Ficus",21],["Gnetum",8],["Vigna",1]],"top_species":[["Gnetum gnemon",8],["Ficus adenosperma",7],["Ficus subulata",4],["Ficus microcarpa",4],["Ficus hesperidiiformis",2]],"center":[-2.125,146.875]}},{"type":"Feature","geometry":{"type":"Polygon","coordinates":[[[147.75,-10.25],[148.0,-10.25],[148.0,-10.0],[147.75,-10.0],[147.75,-10.25]]]},"properties":{"records":30,"species":9,"genera":6,"families":0,"top_genera":[["Ipomoea",8],["Dioscorea",6],["Colocasia",6],["Crotalaria",5],["Cucumis",4]],"top_species":[["Ipomoea batatas",8],["Colocasia esculenta",6],["Crotalaria montana",5],["Cucumis althaeoides",2],["Dioscorea alata",2]],"center":[-10.125,147.875]}},{"type":"Feature","geometry":{"type":"Polygon","coordinates":[[[147.0,-9.75],[147.25,-9.75],[147.25,-9.5],[147.0,-9.5],[147.0,-9.75]]]},"properties":{"records":29,"species":17,"genera":15,"families":0,"top_genera":[["Vigna",5],["Ficus",4],["Crotalaria",3],["Solanum",3],["Abelmoschus",3]],"top_species":[["Vigna radiata",4],["Passiflora foetida",2],["Crotalaria montana",2],["Abelmoschus ficulneus",2],["Clitoria ternatea",1]],"center":[-9.625,147.125]}},{"type":"Feature","geometry":{"type":"Polygon","coordinates":[[[145.25,-6.0],[145.5,-6.0],[145.5,-5.75],[145.25,-5.75],[145.25,-6.0]]]},"properties":{"records":29,"species":17,"genera":8,"families":0,"top_genera":[["Ficus",14],["Solanum",7],["Setaria",2],["Crotalaria",2],["Portulaca",1]],"top_species":[["Ficus insculpta",3],["Solanum multivenosum",2],["Ficus subulata",2],["Setaria palmifolia",2],["Ficus wassa",2]],"center":[-5.875,145.375]}},{"type":"Feature","geometry":{"type":"Polygon","coordinates":[[[146.5,-6.0],[146.75,-6.0],[146.75,-5.75],[146.5,-5.75],[146.5,-6.0]]]},"properties":{"records":29,"species":9,"genera":5,"families":0,"top_genera":[["Ficus",22],["Solanum",3],["Passiflora",2],["Rumex",1],["Angiopteris",1]],"top_species":[["Solanum nigrum",2],["Ficus bernaysii",2],["Ficus iodotricha",1],["Ficus adenosperma",1],["Passiflora edulis",1]],"center":[-5.875,146.625]}},{"type":"Feature","geometry":{"type":"Polygon","coordinates":[[[145.75,-4.75],[146.0,-4.75],[146.0,-4.5],[145.75,-4.5],[145.75,-4.75]]]},"properties":{"records":29,"species":8,"genera":3,"families":0,"top_genera":[["Ficus",22],["Stenochlaena",5],["Mucuna",2]],"top_species":[["Stenochlaena palustris",5],["Ficus botryocarpa",5],["Ficus adenosperma",3],["Ficus hesperidiiformis",3],["Ficus nasuta",3]],"center":[-4.625,145.875]}},{"type":"Feature","geometry":{"type":"Polygon","coordinates":[[[146.5,-6.5],[146.75,-6.5],[146.75,-6.25],[146.5,-6.25],[146.5,-6.5]]]},"properties":{"records":29,"species":12,"genera":10,"families":0,"top_genera":[["Leucaena",5],["Ficus",5],["Ricinus",4],["Portulaca",4],["Cosmos",3]],"top_species":[["Leucaena leucocephala",5],["Ricinus communis",4],["Ficus adenosperma",4],["Cosmos caudatus",3],["Portulaca pilosa",3]],"center":[-6.375,146.625]}},{"type":"Feature","geometry":{"type":"Polygon","coordinates":[[[149.75,-5.75],[150.0,-5.75],[150.0,-5.5],[149.75,-5.5],[149.75,-5.75]]]},"properties":{"records":29,"species":10,"genera":3,"families":0,"top_genera":[["Ficus",23],["Mucuna",4],["Hibiscus",2]],"top_species":[["Ficus drupacea",7],["Ficus jimiensis",3],["Ficus albipila",2],["Ficus obliqua",2],["Ficus nasuta",2]],"center":[-5.625,149.875]}},{"type":"Feature","geometry":{"type":"Polygon","coordinates":[[[142.0,-6.5],[142.25,-6.5],[142.25,-6.25],[142.0,-6.25],[142.0,-6.5]]]},"properties":{"records":29,"species":9,"genera":4,"families":0,"top_genera":[["Ficus",20],["Urena",4],["Portulaca",3],["Hibiscus",2]],"top_species":[["Ficus subulata",5],["Urena lobata",4],["Ficus adenosperma",4],["Ficus lawesii",2],["Portulaca oleracea",2]],"center":[-6.375,142.125]}},{"type":"Feature","geometry":{"type":"Polygon","coordinates":[[[141.0,-5.75],[141.25,-5.75],[141.25,-5.5],[141.0,-5.5],[141.0,-5.75]]]},"properties":{"records":29,"species":14,"genera":8,"families":0,"top_genera":[["Ficus",21],["Limnocharis",2],["Vernonia",1],["Alternanthera",1],["Passiflora",1]],"top_species":[["Ficus hesperidiiformis",6],["Ficus glandulifera",3],["Limnocharis flava",2],["Ficus subulata",2],["Alternanthera sessilis",1]],"center":[-5.625,141.125]}},{"type":"Feature","geometry":{"type":"Polygon","coordinates":[[[147.75,-9.0],[148.0,-9.0],[148.0,-8.75],[147.75,-8.75],[147.75,-9.0]]]},"properties":{"records":28,"species":9,"genera":6,"families":0,"top_genera":[["Ficus",23],["Phaseolus",1],["Crotalaria",1],["Salvia",1],["Diplazium",1]],"top_species":[["Ficus subulata",7],["Ficus bernaysii",3],["Ficus botryocarpa",3],["Ficus erythrosperma",3],["Ficus adenosperma",2]],"center":[-8.875,147.875]}},{"type":"Feature","geometry":{"type":"Polygon","coordinates":[[[147.75,-6.5],[148.0,-6.5],[148.0,-6.25],[147.75,-6.25],[147.75,-6.5]]]},"properties":{"records":28,"species":16,"genera":7,"families":0,"top_genera":[["Ficus",12],["Passiflora",6],["Cissus",4],["Mucuna",2],["Trichosanthes",2]],"top_species":[["Passiflora hollrungii",6],["Cissus aristata",3],["Ficus pantoniana",2],["Ficus subulata",2],["Mucuna mollissima",2]],"center":[-6.375,147.875]}},{"type":"Feature","geometry":{"type":"Polygon","coordinates":[[[142.25,-3.5],[142.5,-3.5],[142.5,-3.25],[142.25,-3.25],[142.25,-3.5]]]},"properties":{"records":28,"species":6,"genera":5,"families":0,"top_genera":[["Ficus",21],["Amaranthus",3],["Mucuna",2],["Urena",1],["Polygonum",1]],"top_species":[["Ficus adenosperma",4],["Ficus copiosa",3],["Amaranthus dubius",3],["Ficus glandulifera",3],["Mucuna novoguineensis",2]],"center":[-3.375,142.375]}},{"type":"Feature","geometry":{"type":"Polygon","coordinates":[[[152.25,-4.25],[152.5,-4.25],[152.5,-4.0],[152.25,-4.0],[152.25,-4.25]]]},"properties":{"records":28,"species":20,"genera":18,"families":0,"top_genera":[["Solanum",6],["Ipomoea",4],["Ficus",2],["Vigna",2],["Ocimum",1]],"top_species":[["Solanum dunalianum",5],["Ipomoea littoralis",3],["Ficus septica",2],["Ocimum gratissimum",1],["Vigna radiata",1]],"center":[-4.125,152.375]}},{"type":"Feature","geometry":{"type":"Polygon","coordinates":[[[143.75,-6.0],[144.0,-6.0],[144.0,-5.75],[143.75,-5.75],[143.75,-6.0]]]},"properties":{"records":28,"species":13,"genera":10,"families":0,"top_genera":[["Ficus",9],["Passiflora",9],["Rorippa",2],["Crassocephalum",2],["Solanum",1]],"top_species":[["Passiflora tarminiana",8],["Ficus dammaropsis",5],["Ficus saccata",2],["Crassocephalum crepidioides",2],["Solanum papuanum",1]],"center":[-5.875,143.875]}},{"type":"Feature","geometry":{"type":"Polygon","coordinates":[[[147.5,-7.75],[147.75,-7.75],[147.75,-7.5],[147.5,-7.5],[147.5,-7.75]]]},"properties":{"records":28,"species":12,"genera":10,"families":0,"top_genera":[["Ipomoea",12],["Ficus",6],["Stenochlaena",2],["Cissus",2],["Vigna",1]],"top_species":[["Ipomoea batatas",12],["Stenochlaena palustris",2],["Ficus rhizophoriphylla",2],["Cissus discolor",2],["Vigna vexillata",1]],"center":[-7.625,147.625]}},{"type":"Feature","geometry":{"type":"Polygon","coordinates":[[[145.25,-5.0],[145.5,-5.0],[145.5,-4.75],[145.25,-4.75],[145.25,-5.0]]]},"properties":{"records":28,"species":6,"genera":2,"families":0,"top_genera":[["Ficus",27],["Hibiscus",1]],"top_species":[["Ficus drupacea",7],["Ficus ampelos",4],["Ficus tonsa",3],["Ficus insculpta",2],["Ficus leptoclada",1]],"center":[-4.875,145.375]}},{"type":"Feature","geometry":{"type":"Polygon","coordinates":[[[141.5,-8.75],[141.75,-8.75],[141.75,-8.5],[141.5,-8.5],[141.5,-8.75]]]},"properties":{"records":28,"species":10,"genera":9,"families":0,"top_genera":[["Mucuna",9],["Mimosa",6],["Cucumis",5],["Ficus",2],["Glinus",2]],"top_species":[["Mucuna pruriens",6],["Mimosa diplotricha",5],["Cucumis maderaspatanus",4],["Glinus oppositifolius",2],["Ficus racemifera",1]],"center":[-8.625,141.625]}},{"type":"Feature","geometry":{"type":"Polygon","coordinates":[[[148.25,-8.75],[148.5,-8.75],[148.5,-8.5],[148.25,-8.5],[148.25,-8.75]]]},"properties":{"records":28,"species":17,"genera":7,"families":0,"top_genera":[["Ficus",13],["Mimosa",6],["Crotalaria",4],["Diplazium",2],["Vigna",1]],"top_species":[["Mimosa pigra",6],["Crotalaria montana",2],["Ficus novae-georgiae",2],["Ficus glaberrima",2],["Diplazium proliferum",2]],"center":[-8.625,148.375]}},{"type":"Feature","geometry":{"type":"Polygon","coordinates":[[[143.0,-5.0],[143.25,-5.0],[143.25,-4.75],[143.0,-4.75],[143.0,-5.0]]]},"properties":{"records":28,"species":15,"genera":11,"families":0,"top_genera":[["Ficus",8],["Cucumis",4],["Abelmoschus",4],["Setaria",3],["Solanum",2]],"top_species":[["Cucumis sativus",4],["Abelmoschus manihot",4],["Setaria palmifolia",3],["Solanum americanum",1],["Phaseolus vulgaris",1]],"center":[-4.875,143.125]}},{"type":"Feature","geometry":{"type":"Polygon","coordinates":[[[149.0,-10.0],[149.25,-10.0],[149.25,-9.75],[149.0,-9.75],[149.0,-10.0]]]},"properties":{"records":27,"species":18,"genera":6,"families":0,"top_genera":[["Ficus",14],["Solanum",5],["Cissus",5],["Trichosanthes",1],["Mucuna",1]],"top_species":[["Cissus discolor",5],["Solanum trichostylum",3],["Ficus gul",2],["Ficus microdictya",2],["Ficus subulata",1]],"center":[-9.875,149.125]}},{"type":"Feature","geometry":{"type":"Polygon","coordinates":[[[150.5,-10.75],[150.75,-10.75],[150.75,-10.5],[150.5,-10.5],[150.5,-10.75]]]},"properties":{"records":27,"species":13,"genera":8,"families":0,"top_genera":[["Ficus",19],["Cassia",2],["Ipomoea",1],["Celosia",1],["Solanum",1]],"top_species":[["Ficus itoana",3],["Ficus benjamina",3],["Ficus wassa",3],["Cassia fistula",2],["Ficus porphyrochaete",2]],"center":[-10.625,150.625]}},{"type":"Feature","geometry":{"type":"Polygon","coordinates":[[[143.5,-6.0],[143.75,-6.0],[143.75,-5.75],[143.5,-5.75],[143.5,-6.0]]]},"properties":{"records":26,"species":7,"genera":5,"families":0,"top_genera":[["Ficus",13],["Rorippa",9],["Brassica",2],["Oenanthe",1],["Passiflora",1]],"top_species":[["Ficus hesperidiiformis",9],["Ficus adenosperma",3],["Rorippa peekelii",3],["Ficus pantoniana",1],["Oenanthe javanica",1]],"center":[-5.875,143.625]}},{"type":"Feature","geometry":{"type":"Polygon","coordinates":[[[144.5,-5.75],[144.75,-5.75],[144.75,-5.5],[144.5,-5.5],[144.5,-5.75]]]},"properties":{"records":26,"species":10,"genera":3,"families":0,"top_genera":[["Solanum",17],["Ficus",8],["Crassocephalum",1]],"top_species":[["Solanum expedunculatum",4],["Solanum banzicum",4],["Ficus drupacea",2],["Solanum betaceum",2],["Ficus casearioides",2]],"center":[-5.625,144.625]}},{"type":"Feature","geometry":{"type":"Polygon","coordinates":[[[151.0,-5.75],[151.25,-5.75],[151.25,-5.5],[151.0,-5.5],[151.0,-5.75]]]},"properties":{"records":26,"species":11,"genera":3,"families":0,"top_genera":[["Ficus",18],["Solanum",7],["Mucuna",1]],"top_species":[["Ficus melinocarpa",5],["Ficus casearioides",4],["Solanum dunalianum",3],["Solanum torricellense",1],["Solanum dammerianum",1]],"center":[-5.625,151.125]}},{"type":"Feature","geometry":{"type":"Polygon","coordinates":[[[146.25,-6.25],[146.5,-6.25],[146.5,-6.0],[146.25,-6.0],[146.25,-6.25]]]},"properties":{"records":26,"species":16,"genera":14,"families":0,"top_genera":[["Mucuna",5],["Albizia",3],["Trichosanthes",3],["Crotalaria",2],["Ficus",2]],"top_species":[["Albizia procera",3],["Mucuna tomentosa",2],["Crotalaria montana",2],["Mucuna pruriens",2],["Trichosanthes pilosa",2]],"center":[-6.125,146.375]}},{"type":"Feature","geometry":{"type":"Polygon","coordinates":[[[150.75,-10.25],[151.0,-10.25],[151.0,-10.0],[150.75,-10.0],[150.75,-10.25]]]},"properties":{"records":26,"species":11,"genera":9,"families":0,"top_genera":[["Ipomoea",8],["Ficus",5],["Solanum",4],["Gnetum",3],["Cissus",2]],"top_species":[["Ipomoea batatas",8],["Gnetum gnemon",3],["Solanum peekelii",3],["Ficus adenosperma",2],["Cissus discolor",2]],"center":[-10.125,150.875]}},{"type":"Feature","geometry":{"type":"Polygon","coordinates":[[[142.25,-6.0],[142.5,-6.0],[142.5,-5.75],[142.25,-5.75],[142.25,-6.0]]]},"properties":{"records":26,"species":9,"genera":2,"families":0,"top_genera":[["Ficus",24],["Gnetum",2]],"top_species":[["Ficus gymnorygma",4],["Ficus bernaysii",4],["Ficus odoardi",3],["Ficus sublimbata",3],["Gnetum gnemon",2]],"center":[-5.875,142.375]}},{"type":"Feature","geometry":{"type":"Polygon","coordinates":[[[146.25,-7.0],[146.5,-7.0],[146.5,-6.75],[146.25,-6.75],[146.25,-7.0]]]},"properties":{"records":26,"species":7,"genera":7,"families":0,"top_genera":[["Mucuna",10],["Albizia",8],["Gnetum",2],["Momordica",2],["Tournefortia",2]],"top_species":[["Albizia procera",8],["Mucuna canaliculata",4],["Gnetum gnemon",2],["Mucuna gigantea",2],["Passiflora foetida",1]],"center":[-6.875,146.375]}},{"type":"Feature","geometry":{"type":"Polygon","coordinates":[[[142.75,-8.5],[143.0,-8.5],[143.0,-8.25],[142.75,-8.25],[142.75,-8.5]]]},"properties":{"records":26,"species":11,"genera":12,"families":0,"top_genera":[["Nelumbo",12],["Ficus",3],["Mucuna",2],["Lagenaria",1],["Solanum",1]],"top_species":[["Nelumbo nucifera",12],["Ficus hesperidiiformis",1],["Mucuna platyphylla",1],["Lagenaria siceraria",1],["Solanum lasiocarpum",1]],"center":[-8.375,142.875]}},{"type":"Feature","geometry":{"type":"Polygon","coordinates":[[[141.5,-7.0],[141.75,-7.0],[141.75,-6.75],[141.5,-6.75],[141.5,-7.0]]]},"properties":{"records":26,"species":9,"genera":3,"families":0,"top_genera":[["Ficus",19],["Solanum",4],["Trichosanthes",3]],"top_species":[["Ficus disticha",4],["Solanum galactites",4],["Ficus adenosperma",3],["Ficus casearioides",3],["Ficus pantoniana",2]],"center":[-6.875,141.625]}},{"type":"Feature","geometry":{"type":"Polygon","coordinates":[[[149.0,-6.25],[149.25,-6.25],[149.25,-6.0],[149.0,-6.0],[149.0,-6.25]]]},"properties":{"records":26,"species":8,"genera":1,"families":0,"top_genera":[["Ficus",26]],"top_species":[["Ficus ampelos",6],["Ficus gul",3],["Ficus hispida",2],["Ficus papuana",2],["Ficus septica",2]],"center":[-6.125,149.125]}},{"type":"Feature","geometry":{"type":"Polygon","coordinates":[[[150.0,-9.5],[150.25,-9.5],[150.25,-9.25],[150.0,-9.25],[150.0,-9.5]]]},"properties":{"records":25,"species":9,"genera":3,"families":0,"top_genera":[["Ficus",18],["Mucuna",4],["Vigna",3]],"top_species":[["Ficus adenosperma",4],["Mucuna gigantea",4],["Vigna marina",3],["Ficus mollior",2],["Ficus calopilina",2]],"center":[-9.375,150.125]}},{"type":"Feature","geometry":{"type":"Polygon","coordinates":[[[147.5,-7.25],[147.75,-7.25],[147.75,-7.0],[147.5,-7.0],[147.5,-7.25]]]},"properties":{"records":25,"species":8,"genera":2,"families":0,"top_genera":[["Ficus",24],["Tournefortia",1]],"top_species":[["Ficus subulata",5],["Ficus disticha",4],["Ficus trachypison",3],["Ficus gul",2],["Ficus adenosperma",1]],"center":[-7.125,147.625]}},{"type":"Feature","geometry":{"type":"Polygon","coordinates":[[[143.75,-5.5],[144.0,-5.5],[144.0,-5.25],[143.75,-5.25],[143.75,-5.5]]]},"properties":{"records":24,"species":9,"genera":7,"families":0,"top_genera":[["Ficus",15],["Mucuna",4],["Ludwigia",1],["Urena",1],["Alternanthera",1]],"top_species":[["Ficus mollior",4],["Ficus trichocerasa",4],["Ficus dammaropsis",4],["Mucuna verdcourtii",2],["Ludwigia octovalvis",1]],"center":[-5.375,143.875]}},{"type":"Feature","geometry":{"type":"Polygon","coordinates":[[[145.0,-8.0],[145.25,-8.0],[145.25,-7.75],[145.0,-7.75],[145.0,-8.0]]]},"properties":{"records":24,"species":7,"genera":4,"families":0,"top_genera":[["Ficus",13],["Crotalaria",5],["Ipomoea",5],["Cissus",1]],"top_species":[["Crotalaria pallida",5],["Ficus pungens",4],["Ipomoea violacea",3],["Ficus congesta",2],["Ficus tinctoria",2]],"center":[-7.875,145.125]}},{"type":"Feature","geometry":{"type":"Polygon","coordinates":[[[142.75,-4.5],[143.0,-4.5],[143.0,-4.25],[142.75,-4.25],[142.75,-4.5]]]},"properties":{"records":24,"species":7,"genera":7,"families":0,"top_genera":[["Ficus",7],["Mucuna",4],["Alternanthera",4],["Ceratopteris",3],["Hibiscus",3]],"top_species":[["Alternanthera sessilis",4],["Ceratopteris thalictroides",3],["Ficus ribes",3],["Gnetum gnemon",2],["Ficus glandulifera",2]],"center":[-4.375,142.875]}},{"type":"Feature","geometry":{"type":"Polygon","coordinates":[[[144.5,-5.25],[144.75,-5.25],[144.75,-5.0],[144.5,-5.0],[144.5,-5.25]]]},"properties":{"records":24,"species":9,"genera":6,"families":0,"top_genera":[["Ficus",11],["Diplazium",5],["Gnetum",3],["Crotalaria",2],["Mucuna",2]],"top_species":[["Diplazium proliferum",5],["Ficus congesta",4],["Ficus ribes",4],["Gnetum gnemon",3],["Crotalaria linifolia",2]],"center":[-5.125,144.625]}},{"type":"Feature","geometry":{"type":"Polygon","coordinates":[[[146.0,-5.0],[146.25,-5.0],[146.25,-4.75],[146.0,-4.75],[146.0,-5.0]]]},"properties":{"records":24,"species":9,"genera":5,"families":0,"top_genera":[["Ficus",15],["Morinda",4],["Ipomoea",3],["Canavalia",1],["Centrosema",1]],"top_species":[["Ficus subulata",6],["Morinda citrifolia",4],["Ficus gul",3],["Ipomoea pes-caprae",2],["Ficus erythrosperma",1]],"center":[-4.875,146.125]}},{"type":"Feature","geometry":{"type":"Polygon","coordinates":[[[150.25,-5.5],[150.5,-5.5],[150.5,-5.25],[150.25,-5.25],[150.25,-5.5]]]},"properties":{"records":23,"species":4,"genera":4,"families":0,"top_genera":[["Colocasia",12],["Ipomoea",8],["Ficus",2],["Cissus",1]],"top_species":[["Colocasia esculenta",12],["Ipomoea batatas",8],["Ficus albipila",2],["Cissus aristata",1]],"center":[-5.375,150.375]}},{"type":"Feature","geometry":{"type":"Polygon","coordinates":[[[151.0,-3.0],[151.25,-3.0],[151.25,-2.75],[151.0,-2.75],[151.0,-3.0]]]},"properties":{"records":23,"species":11,"genera":7,"families":0,"top_genera":[["Ficus",17],["Gnetum",1],["Crassocephalum",1],["Passiflora",1],["Vigna",1]],"top_species":[["Ficus benjamina",6],["Ficus racemifera",5],["Ficus adenosperma",1],["Gnetum gnemon",1],["Crassocephalum crepidioides",1]],"center":[-2.875,151.125]}},{"type":"Feature","geometry":{"type":"Polygon","coordinates":[[[152.0,-4.25],[152.25,-4.25],[152.25,-4.0],[152.0,-4.0],[152.0,-4.25]]]},"properties":{"records":23,"species":17,"genera":14,"families":0,"top_genera":[["Ficus",5],["Solanum",3],["Ocimum",2],["Mimosa",2],["Amaranthus",2]],"top_species":[["Ocimum gratissimum",2],["Mimosa pudica",2],["Solanum torvum",2],["Amaranthus tricolor",2],["Ficus subtrinervia",1]],"center":[-4.125,152.125]}},{"type":"Feature","geometry":{"type":"Polygon","coordinates":[[[151.0,-6.0],[151.25,-6.0],[151.25,-5.75],[151.0,-5.75],[151.0,-6.0]]]},"properties":{"records":23,"species":9,"genera":5,"families":0,"top_genera":[["Ficus",15],["Vigna",4],["Solanum",2],["Mucuna",1],["Cissus",1]],"top_species":[["Vigna marina",4],["Ficus pungens",3],["Ficus botryocarpa",2],["Ficus erythrosperma",2],["Ficus casearioides",2]],"center":[-5.875,151.125]}},{"type":"Feature","geometry":{"type":"Polygon","coordinates":[[[145.0,-4.25],[145.25,-4.25],[145.25,-4.0],[145.0,-4.0],[145.0,-4.25]]]},"properties":{"records":23,"species":13,"genera":8,"families":0,"top_genera":[["Ficus",8],["Setaria",6],["Ipomoea",4],["Ocimum",1],["Crotalaria",1]],"top_species":[["Ficus gul",5],["Setaria palmifolia",5],["Ipomoea littoralis",2],["Ficus tinctoria",2],["Ipomoea pes-caprae",1]],"center":[-4.125,145.125]}},{"type":"Feature","geometry":{"type":"Polygon","coordinates":[[[147.25,-6.5],[147.5,-6.5],[147.5,-6.25],[147.25,-6.25],[147.25,-6.5]]]},"properties":{"records":22,"species":9,"genera":5,"families":0,"top_genera":[["Ficus",11],["Solanum",8],["Oenanthe",1],["Vernonia",1],["Mucuna",1]],"top_species":[["Solanum infuscatum",5],["Ficus trichocerasa",4],["Ficus stellaris",2],["Ficus trachypison",2],["Solanum anfractum",1]],"center":[-6.375,147.375]}},{"type":"Feature","geometry":{"type":"Polygon","coordinates":[[[146.25,-7.25],[146.5,-7.25],[146.5,-7.0],[146.25,-7.0],[146.25,-7.25]]]},"properties":{"records":22,"species":7,"genera":3,"families":0,"top_genera":[["Solanum",14],["Ficus",6],["Passiflora",2]],"top_species":[["Solanum denseaculeatum",4],["Solanum aviculare",4],["Solanum dammerianum",2],["Ficus trichocerasa",2],["Passiflora aurantioides",1]],"center":[-7.125,146.375]}},{"type":"Feature","geometry":{"type":"Polygon","coordinates":[[[144.25,-5.5],[144.5,-5.5],[144.5,-5.25],[144.25,-5.25],[144.25,-5.5]]]},"properties":{"records":22,"species":10,"genera":7,"families":0,"top_genera":[["Ficus",8],["Mimosa",4],["Urena",3],["Gnetum",3],["Crotalaria",2]],"top_species":[["Mimosa pudica",4],["Urena lobata",3],["Gnetum gnemon",3],["Ficus septica",3],["Ficus primaria",3]],"center":[-5.375,144.375]}},{"type":"Feature","geometry":{"type":"Polygon","coordinates":[[[152.25,-3.75],[152.5,-3.75],[152.5,-3.5],[152.25,-3.5],[152.25,-3.75]]]},"properties":{"records":22,"species":9,"genera":8,"families":0,"top_genera":[["Setaria",4],["Ipomoea",4],["Solanum",3],["Ficus",3],["Ocimum",2]],"top_species":[["Setaria palmifolia",4],["Solanum torvum",3],["Ficus tinctoria",3],["Ipomoea pes-caprae",3],["Ocimum gratissimum",2]],"center":[-3.625,152.375]}},{"type":"Feature","geometry":{"type":"Polygon","coordinates":[[[142.5,-3.25],[142.75,-3.25],[142.75,-3.0],[142.5,-3.0],[142.5,-3.25]]]},"properties":{"records":22,"species":7,"genera":5,"families":0,"top_genera":[["Ficus",15],["Morinda",2],["Canavalia",2],["Ipomoea",2],["Crotalaria",1]],"top_species":[["Ficus tinctoria",6],["Ficus septica",3],["Ficus prasinicarpa",2],["Morinda citrifolia",2],["Canavalia rosea",2]],"center":[-3.125,142.625]}},{"type":"Feature","geometry":{"type":"Polygon","coordinates":[[[149.5,-6.0],[149.75,-6.0],[149.75,-5.75],[149.5,-5.75],[149.5,-6.0]]]},"properties":{"records":22,"species":11,"genera":5,"families":0,"top_genera":[["Ficus",15],["Solanum",3],["Ipomoea",2],["Angiopteris",1],["Morinda",1]],"top_species":[["Ficus racemifera",6],["Ficus botryocarpa",3],["Solanum torvum",3],["Ficus pungens",2],["Angiopteris evecta",1]],"center":[-5.875,149.625]}},{"type":"Feature","geometry":{"type":"Polygon","coordinates":[[[149.25,-9.25],[149.5,-9.25],[149.5,-9.0],[149.25,-9.0],[149.25,-9.25]]]},"properties":{"records":22,"species":7,"genera":7,"families":0,"top_genera":[["Mucuna",6],["Passiflora",5],["Hibiscus",4],["Ficus",3],["Polygonum",2]],"top_species":[["Passiflora foetida",5],["Mucuna schlechteri",2],["Hibiscus pulvinulifer",2],["Ipomoea pes-caprae",1],["Mimosa pudica",1]],"center":[-9.125,149.375]}},{"type":"Feature","geometry":{"type":"Polygon","coordinates":[[[151.25,-5.75],[151.5,-5.75],[151.5,-5.5],[151.25,-5.5],[151.25,-5.75]]]},"properties":{"records":22,"species":3,"genera":3,"families":0,"top_genera":[["Ipomoea",12],["Xanthosoma",8],["Dioscorea",2]],"top_species":[["Ipomoea batatas",12],["Xanthosoma sagittifolium",8],["Dioscorea alata",2]],"center":[-5.625,151.375]}},{"type":"Feature","geometry":{"type":"Polygon","coordinates":[[[145.5,-6.25],[145.75,-6.25],[145.75,-6.0],[145.5,-6.0],[145.5,-6.25]]]},"properties":{"records":21,"species":6,"genera":6,"families":0,"top_genera":[["Ficus",10],["Crotalaria",5],["Polygonum",2],["Portulaca",2],["Alternanthera",1]],"top_species":[["Ficus septica",4],["Ficus oxymitroides",3],["Alternanthera sessilis",1],["Ipomoea cairica",1],["Portulaca oleracea",1]],"center":[-6.125,145.625]}},{"type":"Feature","geometry":{"type":"Polygon","coordinates":[[[147.75,-2.5],[148.0,-2.5],[148.0,-2.25],[147.75,-2.25],[147.75,-2.5]]]},"properties":{"records":21,"species":11,"genera":7,"families":0,"top_genera":[["Ficus",8],["Angiopteris",4],["Ocimum",3],["Abelmoschus",2],["Crotalaria",2]],"top_species":[["Angiopteris evecta",4],["Ocimum gratissimum",2],["Crotalaria incana",2],["Urena lobata",1],["Abelmoschus sagittifolius",1]],"center":[-2.375,147.875]}},{"type":"Feature","geometry":{"type":"Polygon","coordinates":[[[142.75,-9.25],[143.0,-9.25],[143.0,-9.0],[142.75,-9.0],[142.75,-9.25]]]},"properties":{"records":21,"species":11,"genera":9,"families":0,"top_genera":[["Crotalaria",5],["Albizia",4],["Vigna",3],["Stenochlaena",2],["Ipomoea",2]],"top_species":[["Stenochlaena palustris",2],["Ipomoea carnea",2],["Ficus septica",2],["Crotalaria montana",2],["Crotalaria quinquefolia",2]],"center":[-9.125,142.875]}},{"type":"Feature","geometry":{"type":"Polygon","coordinates":[[[150.5,-10.5],[150.75,-10.5],[150.75,-10.25],[150.5,-10.25],[150.5,-10.5]]]},"properties":{"records":21,"species":8,"genera":7,"families":0,"top_genera":[["Ficus",6],["Colocasia",6],["Gnetum",4],["Crotalaria",2],["Sesamum",1]],"top_species":[["Colocasia esculenta",6],["Gnetum gnemon",4],["Ficus trachypison",3],["Crotalaria verrucosa",2],["Abelmoschus manihot",1]],"center":[-10.375,150.625]}},{"type":"Feature","geometry":{"type":"Polygon","coordinates":[[[148.0,-9.5],[148.25,-9.5],[148.25,-9.25],[148.0,-9.25],[148.0,-9.5]]]},"properties":{"records":21,"species":8,"genera":6,"families":0,"top_genera":[["Ficus",11],["Cassia",3],["Abelmoschus",2],["Urena",2],["Crotalaria",2]],"top_species":[["Ficus copiosa",6],["Cassia javanica",3],["Abelmoschus sagittifolius",2],["Urena lobata",2],["Crotalaria montana",2]],"center":[-9.375,148.125]}},{"type":"Feature","geometry":{"type":"Polygon","coordinates":[[[148.5,-9.25],[148.75,-9.25],[148.75,-9.0],[148.5,-9.0],[148.5,-9.25]]]},"properties":{"records":21,"species":6,"genera":6,"families":0,"top_genera":[["Colocasia",7],["Ficus",4],["Mucuna",4],["Ipomoea",3],["Hibiscus",2]],"top_species":[["Colocasia esculenta",7],["Ipomoea batatas",3],["Ficus pungens",2],["Mucuna schlechteri",2],["Clerodendrum paniculatum",1]],"center":[-9.125,148.625]}},{"type":"Feature","geometry":{"type":"Polygon","coordinates":[[[149.5,-9.75],[149.75,-9.75],[149.75,-9.5],[149.5,-9.5],[149.5,-9.75]]]},"properties":{"records":20,"species":11,"genera":5,"families":0,"top_genera":[["Ficus",8],["Crotalaria",6],["Abelmoschus",4],["Centella",1],["Cissus",1]],"top_species":[["Crotalaria alata",3],["Abelmoschus sagittifolius",3],["Crotalaria montana",2],["Ficus calopilina",2],["Ficus microdictya",2]],"center":[-9.625,149.625]}},{"type":"Feature","geometry":{"type":"Polygon","coordinates":[[[145.0,-6.5],[145.25,-6.5],[145.25,-6.25],[145.0,-6.25],[145.0,-6.5]]]},"properties":{"records":20,"species":10,"genera":6,"families":0,"top_genera":[["Trichosanthes",7],["Solanum",6],["Ficus",4],["Peperomia",1],["Lactuca",1]],"top_species":[["Trichosanthes ovigera",4],["Trichosanthes edulis",3],["Ficus adenosperma",2],["Solanum americanum",2],["Solanum anfractum",2]],"center":[-6.375,145.125]}},{"type":"Feature","geometry":{"type":"Polygon","coordinates":[[[154.0,-11.5],[154.25,-11.5],[154.25,-11.25],[154.0,-11.25],[154.0,-11.5]]]},"properties":{"records":20,"species":9,"genera":5,"families":0,"top_genera":[["Ficus",14],["Gnetum",3],["Cucumis",1],["Solanum",1],["Cissus",1]],"top_species":[["Ficus subulata",3],["Gnetum gnemon",3],["Ficus mollior",2],["Ficus itoana",2],["Ficus morobensis",2]],"center":[-11.375,154.125]}},{"type":"Feature","geometry":{"type":"Polygon","coordinates":[[[144.75,-5.25],[145.0,-5.25],[145.0,-5.0],[144.75,-5.0],[144.75,-5.25]]]},"properties":{"records":20,"species":7,"genera":4,"families":0,"top_genera":[["Ficus",16],["Cissus",2],["Hibiscus",1],["Canavalia",1]],"top_species":[["Ficus subulata",4],["Ficus virgata",3],["Ficus casearioides",3],["Cissus discolor",2],["Ficus conocephalifolia",2]],"center":[-5.125,144.875]}},{"type":"Feature","geometry":{"type":"Polygon","coordinates":[[[146.75,-8.5],[147.0,-8.5],[147.0,-8.25],[146.75,-8.25],[146.75,-8.5]]]},"properties":{"records":20,"species":9,"genera":6,"families":0,"top_genera":[["Ficus",12],["Urena",3],["Mucuna",2],["Momordica",1],["Tagetes",1]],"top_species":[["Ficus sageretina",6],["Urena lobata",3],["Ficus gul",2],["Ficus botryocarpa",2],["Momordica charantia",1]],"center":[-8.375,146.875]}},{"type":"Feature","geometry":{"type":"Polygon","coordinates":[[[148.25,-5.75],[148.5,-5.75],[148.5,-5.5],[148.25,-5.5],[148.25,-5.75]]]},"properties":{"records":20,"species":3,"genera":3,"families":0,"top_genera":[["Ipomoea",14],["Gnetum",4],["Dioscorea",2]],"top_species":[["Ipomoea batatas",14],["Gnetum gnemon",4],["Dioscorea alata",2]],"center":[-5.625,148.375]}},{"type":"Feature","geometry":{"type":"Polygon","coordinates":[[[155.25,-6.75],[155.5,-6.75],[155.5,-6.5],[155.25,-6.5],[155.25,-6.75]]]},"properties":{"records":20,"species":18,"genera":16,"families":0,"top_genera":[["Ficus",3],["Stenochlaena",2],["Cissus",2],["Bidens",1],["Setaria",1]],"top_species":[["Stenochlaena palustris",2],["Cissus aristata",2],["Bidens pilosa",1],["Setaria palmifolia",1],["Rungia klossii",1]],"center":[-6.625,155.375]}},{"type":"Feature","geometry":{"type":"Polygon","coordinates":[[[147.25,-6.25],[147.5,-6.25],[147.5,-6.0],[147.25,-6.0],[147.25,-6.25]]]},"properties":{"records":20,"species":8,"genera":5,"families":0,"top_genera":[["Ficus",13],["Mucuna",3],["Solanum",2],["Rungia",1],["Rorippa",1]],"top_species":[["Ficus megalophylla",3],["Solanum anfractum",2],["Mucuna pruriens",2],["Ficus gracillima",2],["Rungia klossii",1]],"center":[-6.125,147.375]}},{"type":"Feature","geometry":{"type":"Polygon","coordinates":[[[142.5,-9.25],[142.75,-9.25],[142.75,-9.0],[142.5,-9.0],[142.5,-9.25]]]},"properties":{"records":20,"species":7,"genera":6,"families":0,"top_genera":[["Crotalaria",7],["Ficus",6],["Vigna",3],["Ocimum",2],["Corchorus",1]],"top_species":[["Ficus adenosperma",6],["Crotalaria trichotoma",4],["Vigna minima",3],["Crotalaria sessiliflora",3],["Ocimum basilicum",1]],"center":[-9.125,142.625]}},{"type":"Feature","geometry":{"type":"Polygon","coordinates":[[[143.5,-4.75],[143.75,-4.75],[143.75,-4.5],[143.5,-4.5],[143.5,-4.75]]]},"properties":{"records":20,"species":6,"genera":5,"families":0,"top_genera":[["Ficus",13],["Mucuna",4],["Hibiscus",1],["Ludwigia",1],["Curcuma",1]],"top_species":[["Ficus gymnorygma",5],["Ficus virens",5],["Mucuna bennettii",2],["Mucuna warburgii",1],["Ludwigia octovalvis",1]],"center":[-4.625,143.625]}},{"type":"Feature","geometry":{"type":"Polygon","coordinates":[[[147.25,-8.5],[147.5,-8.5],[147.5,-8.25],[147.25,-8.25],[147.25,-8.5]]]},"properties":{"records":19,"species":7,"genera":3,"families":0,"top_genera":[["Solanum",14],["Ficus",4],["Polygonum",1]],"top_species":[["Solanum trichostylum",3],["Ficus microdictya",2],["Solanum aviculare",2],["Solanum invictum",2],["Solanum multivenosum",1]],"center":[-8.375,147.375]}},{"type":"Feature","geometry":{"type":"Polygon","coordinates":[[[142.25,-8.25],[142.5,-8.25],[142.5,-8.0],[142.25,-8.0],[142.25,-8.25]]]},"properties":{"records":19,"species":16,"genera":4,"families":0,"top_genera":[["Ficus",15],["Ipomoea",2],["Momordica",1],["Cassia",1]],"top_species":[["Ipomoea littoralis",2],["Ficus adenosperma",2],["Ficus melinocarpa",2],["Ficus tinctoria",1],["Ficus virens",1]],"center":[-8.125,142.375]}},{"type":"Feature","geometry":{"type":"Polygon","coordinates":[[[145.75,-5.5],[146.0,-5.5],[146.0,-5.25],[145.75,-5.25],[145.75,-5.5]]]},"properties":{"records":19,"species":12,"genera":6,"families":0,"top_genera":[["Ficus",12],["Albizia",3],["Gnetum",1],["Cassia",1],["Sesbania",1]],"top_species":[["Albizia procera",2],["Ficus erythrosperma",2],["Ficus subnervosa",2],["Ficus itoana",2],["Ficus trichocerasa",1]],"center":[-5.375,145.875]}},{"type":"Feature","geometry":{"type":"Polygon","coordinates":[[[141.0,-8.75],[141.25,-8.75],[141.25,-8.5],[141.0,-8.5],[141.0,-8.75]]]},"properties":{"records":19,"species":12,"genera":6,"families":0,"top_genera":[["Crotalaria",7],["Ficus",5],["Salvia",2],["Mimosa",2],["Cosmos",2]],"top_species":[["Crotalaria pallida",2],["Salvia misella",2],["Crotalaria micans",2],["Mimosa diplotricha",2],["Crotalaria retusa",2]],"center":[-8.625,141.125]}},{"type":"Feature","geometry":{"type":"Polygon","coordinates":[[[146.75,-6.0],[147.0,-6.0],[147.0,-5.75],[146.75,-5.75],[146.75,-6.0]]]},"properties":{"records":19,"species":4,"genera":4,"families":0,"top_genera":[["Ficus",15],["Cucurbita",2],["Solanum",1],["Morinda",1]],"top_species":[["Ficus trichocerasa",5],["Ficus bernaysii",3],["Ficus ribes",1],["Morinda citrifolia",1]],"center":[-5.875,146.875]}},{"type":"Feature","geometry":{"type":"Polygon","coordinates":[[[155.0,-3.25],[155.25,-3.25],[155.25,-3.0],[155.0,-3.0],[155.0,-3.25]]]},"properties":{"records":19,"species":6,"genera":5,"families":0,"top_genera":[["Ficus",9],["Passiflora",4],["Ocimum",2],["Ipomoea",2],["Nelumbo",2]],"top_species":[["Passiflora foetida",4],["Ficus tinctoria",4],["Ficus copiosa",2],["Ipomoea pes-caprae",2],["Nelumbo nucifera",2]],"center":[-3.125,155.125]}},{"type":"Feature","geometry":{"type":"Polygon","coordinates":[[[152.25,-10.75],[152.5,-10.75],[152.5,-10.5],[152.25,-10.5],[152.25,-10.75]]]},"properties":{"records":19,"species":5,"genera":4,"families":0,"top_genera":[["Passiflora",9],["Ficus",8],["Canavalia",1],["Cissus",1]],"top_species":[["Passiflora aurantia",9],["Ficus hombroniana",4],["Ficus drupacea",4],["Canavalia cathartica",1],["Cissus aristata",1]],"center":[-10.625,152.375]}},{"type":"Feature","geometry":{"type":"Polygon","coordinates":[[[150.0,-10.75],[150.25,-10.75],[150.25,-10.5],[150.0,-10.5],[150.0,-10.75]]]},"properties":{"records":18,"species":15,"genera":9,"families":0,"top_genera":[["Ficus",7],["Solanum",4],["Celosia",1],["Mucuna",1],["Urena",1]],"top_species":[["Solanum schefferi",2],["Celosia argentea",1],["Solanum lasiocarpum",1],["Ficus congesta",1],["Ficus hystricicarpa",1]],"center":[-10.625,150.125]}},{"type":"Feature","geometry":{"type":"Polygon","coordinates":[[[144.5,-5.5],[144.75,-5.5],[144.75,-5.25],[144.5,-5.25],[144.5,-5.5]]]},"properties":{"records":18,"species":6,"genera":6,"families":0,"top_genera":[["Ficus",6],["Rorippa",4],["Albizia",4],["Mucuna",2],["Bidens",1]],"top_species":[["Albizia procera",4],["Rorippa schlechteri",2],["Ficus botryocarpa",2],["Bidens pilosa",1],["Ficus gul",1]],"center":[-5.375,144.625]}},{"type":"Feature","geometry":{"type":"Polygon","coordinates":[[[148.0,-8.75],[148.25,-8.75],[148.25,-8.5],[148.0,-8.5],[148.0,-8.75]]]},"properties":{"records":18,"species":4,"genera":3,"families":0,"top_genera":[["Ficus",10],["Crotalaria",5],["Trichosanthes",3]],"top_species":[["Ficus hesperidiiformis",6],["Crotalaria micans",5],["Trichosanthes pilosa",2],["Trichosanthes ovigera",1]],"center":[-8.625,148.125]}},{"type":"Feature","geometry":{"type":"Polygon","coordinates":[[[145.75,-5.0],[146.0,-5.0],[146.0,-4.75],[145.75,-4.75],[145.75,-5.0]]]},"properties":{"records":18,"species":10,"genera":10,"families":0,"top_genera":[["Mucuna",3],["Angiopteris",2],["Amaranthus",2],["Physalis",2],["Crassocephalum",2]],"top_species":[["Mucuna gigantea",3],["Angiopteris evecta",2],["Amaranthus hybridus",2],["Physalis angulata",2],["Crassocephalum crepidioides",2]],"center":[-4.875,145.875]}},{"type":"Feature","geometry":{"type":"Polygon","coordinates":[[[148.25,-9.5],[148.5,-9.5],[148.5,-9.25],[148.25,-9.25],[148.25,-9.5]]]},"properties":{"records":17,"species":9,"genera":5,"families":0,"top_genera":[["Ficus",12],["Angiopteris",2],["Solanum",1],["Urena",1],["Gnetum",1]],"top_species":[["Ficus casearioides",3],["Ficus chrysolepis",2],["Ficus phaeosyce",2],["Ficus armitii",2],["Angiopteris evecta",2]],"center":[-9.375,148.375]}},{"type":"Feature","geometry":{"type":"Polygon","coordinates":[[[147.25,-2.5],[147.5,-2.5],[147.5,-2.25],[147.25,-2.25],[147.25,-2.5]]]},"properties":{"records":17,"species":4,"genera":4,"families":0,"top_genera":[["Portulaca",8],["Morinda",4],["Ficus",4],["Peperomia",1]],"top_species":[["Portulaca oleracea",8],["Morinda citrifolia",4],["Peperomia pellucida",1],["Ficus virens",1]],"center":[-2.375,147.375]}},{"type":"Feature","geometry":{"type":"Polygon","coordinates":[[[143.25,-9.5],[143.5,-9.5],[143.5,-9.25],[143.25,-9.25],[143.25,-9.5]]]},"properties":{"records":17,"species":5,"genera":6,"families":0,"top_genera":[["Ficus",7],["Ludwigia",4],["Corchorus",2],["Solanum",2],["Crotalaria",1]],"top_species":[["Ludwigia octovalvis",4],["Ficus virens",3],["Corchorus aestuans",2],["Crotalaria linifolia",1],["Solanum americanum",1]],"center":[-9.375,143.375]}},{"type":"Feature","geometry":{"type":"Polygon","coordinates":[[[147.75,-8.75],[148.0,-8.75],[148.0,-8.5],[147.75,-8.5],[147.75,-8.75]]]},"properties":{"records":17,"species":4,"genera":2,"families":0,"top_genera":[["Ficus",12],["Mucuna",5]],"top_species":[["Ficus pungens",3],["Mucuna platyphylla",3],["Ficus copiosa",2],["Ficus odoardi",2]],"center":[-8.625,147.875]}},{"type":"Feature","geometry":{"type":"Polygon","coordinates":[[[150.75,-2.5],[151.0,-2.5],[151.0,-2.25],[150.75,-2.25],[150.75,-2.5]]]},"properties":{"records":17,"species":8,"genera":8,"families":0,"top_genera":[["Passiflora",3],["Ficus",3],["Celosia",3],["Mimosa",2],["Amaranthus",2]],"top_species":[["Passiflora foetida",3],["Ficus tinctoria",3],["Celosia argentea",3],["Mimosa pudica",2],["Amaranthus viridis",2]],"center":[-2.375,150.875]}},{"type":"Feature","geometry":{"type":"Polygon","coordinates":[[[143.5,-4.25],[143.75,-4.25],[143.75,-4.0],[143.5,-4.0],[143.5,-4.25]]]},"properties":{"records":17,"species":8,"genera":6,"families":0,"top_genera":[["Ficus",6],["Abelmoschus",3],["Dioscorea",3],["Corchorus",2],["Crotalaria",2]],"top_species":[["Dioscorea esculenta",3],["Abelmoschus moschatus",2],["Corchorus capsularis",2],["Crotalaria sessiliflora",2],["Ficus subulata",2]],"center":[-4.125,143.625]}},{"type":"Feature","geometry":{"type":"Polygon","coordinates":[[[145.0,-10.0],[145.25,-10.0],[145.25,-9.75],[145.0,-9.75],[145.0,-10.0]]]},"properties":{"records":17,"species":12,"genera":12,"families":0,"top_genera":[["Ficus",3],["Solanum",2],["Cissus",2],["Albizia",2],["Abelmoschus",1]],"top_species":[["Solanum erianthum",2],["Cissus discolor",2],["Abelmoschus manihot",1],["Vigna vexillata",1],["Cajanus reticulatus",1]],"center":[-9.875,145.125]}},{"type":"Feature","geometry":{"type":"Polygon","coordinates":[[[147.0,-8.5],[147.25,-8.5],[147.25,-8.25],[147.0,-8.25],[147.0,-8.5]]]},"properties":{"records":16,"species":9,"genera":4,"families":0,"top_genera":[["Ficus",9],["Glycine",5],["Solanum",1],["Oenanthe",1]],"top_species":[["Glycine tomentella",5],["Ficus subcuneata",2],["Ficus sublimbata",2],["Ficus quercetorum",1],["Ficus erythrosperma",1]],"center":[-8.375,147.125]}},{"type":"Feature","geometry":{"type":"Polygon","coordinates":[[[151.0,-8.5],[151.25,-8.5],[151.25,-8.25],[151.0,-8.25],[151.0,-8.5]]]},"properties":{"records":16,"species":10,"genera":8,"families":0,"top_genera":[["Ficus",5],["Crassocephalum",3],["Cucumis",2],["Portulaca",2],["Vigna",1]],"top_species":[["Crassocephalum crepidioides",3],["Cucumis melo",2],["Portulaca umbraticola",2],["Ficus glandifera",2],["Vigna marina",1]],"center":[-8.375,151.125]}},{"type":"Feature","geometry":{"type":"Polygon","coordinates":[[[146.5,-8.75],[146.75,-8.75],[146.75,-8.5],[146.5,-8.5],[146.5,-8.75]]]},"properties":{"records":16,"species":10,"genera":10,"families":0,"top_genera":[["Cucumis",3],["Physalis",2],["Albizia",2],["Chenopodium",2],["Senna",2]],"top_species":[["Physalis angulata",2],["Cucumis althaeoides",2],["Chenopodium acuminatum",2],["Senna alata",2],["Urena lobata",1]],"center":[-8.625,146.625]}},{"type":"Feature","geometry":{"type":"Polygon","coordinates":[[[151.0,-6.25],[151.25,-6.25],[151.25,-6.0],[151.0,-6.0],[151.0,-6.25]]]},"properties":{"records":16,"species":5,"genera":5,"families":0,"top_genera":[["Ficus",11],["Canavalia",2],["Cissus",1],["Solanum",1],["Vigna",1]],"top_species":[["Ficus austrina",5],["Cissus aristata",1],["Solanum torvum",1],["Vigna marina",1],["Canavalia rosea",1]],"center":[-6.125,151.125]}},{"type":"Feature","geometry":{"type":"Polygon","coordinates":[[[141.75,-8.0],[142.0,-8.0],[142.0,-7.75],[141.75,-7.75],[141.75,-8.0]]]},"properties":{"records":16,"species":8,"genera":7,"families":0,"top_genera":[["Cassia",6],["Ficus",3],["Passiflora",2],["Cissus",2],["Hibiscus",1]],"top_species":[["Cassia javanica",6],["Ficus copiosa",3],["Solanum dunalianum",1],["Passiflora foetida",1],["Passiflora aurantia",1]],"center":[-7.875,141.875]}},{"type":"Feature","geometry":{"type":"Polygon","coordinates":[[[151.75,-5.25],[152.0,-5.25],[152.0,-5.0],[151.75,-5.0],[151.75,-5.25]]]},"properties":{"records":15,"species":6,"genera":2,"families":0,"top_genera":[["Ficus",9],["Solanum",6]],"top_species":[["Solanum lasiocarpum",3],["Ficus ribes",3],["Ficus disticha",3],["Solanum torvum",2],["Ficus variegata",2]],"center":[-5.125,151.875]}},{"type":"Feature","geometry":{"type":"Polygon","coordinates":[[[147.0,-8.75],[147.25,-8.75],[147.25,-8.5],[147.0,-8.5],[147.0,-8.75]]]},"properties":{"records":14,"species":9,"genera":4,"families":0,"top_genera":[["Ficus",7],["Solanum",5],["Oenanthe",1],["Mucuna",1]],"top_species":[["Ficus endochaete",3],["Solanum trichostylum",3],["Ficus microdictya",2],["Ficus gymnorygma",1],["Oenanthe javanica",1]],"center":[-8.625,147.125]}},{"type":"Feature","geometry":{"type":"Polygon","coordinates":[[[151.75,-5.0],[152.0,-5.0],[152.0,-4.75],[151.75,-4.75],[151.75,-5.0]]]},"properties":{"records":14,"species":3,"genera":1,"families":0,"top_genera":[["Ficus",14]],"top_species":[["Ficus sciaphila",4],["Ficus macrorrhyncha",4],["Ficus praestans",3]],"center":[-4.875,151.875]}},{"type":"Feature","geometry":{"type":"Polygon","coordinates":[[[150.75,-5.5],[151.0,-5.5],[151.0,-5.25],[150.75,-5.25],[150.75,-5.5]]]},"properties":{"records":14,"species":3,"genera":2,"families":0,"top_genera":[["Ficus",13],["Mucuna",1]],"top_species":[["Ficus chrysolepis",6],["Ficus glandifera",5],["Mucuna gigantea",1]],"center":[-5.375,150.875]}},{"type":"Feature","geometry":{"type":"Polygon","coordinates":[[[141.0,-5.5],[141.25,-5.5],[141.25,-5.25],[141.0,-5.25],[141.0,-5.5]]]},"properties":{"records":14,"species":9,"genera":9,"families":0,"top_genera":[["Crassocephalum",3],["Rorippa",2],["Colocasia",2],["Alternanthera",2],["Ludwigia",1]],"top_species":[["Crassocephalum crepidioides",3],["Colocasia esculenta",2],["Alternanthera sessilis",2],["Rorippa palustris",1],["Ludwigia octovalvis",1]],"center":[-5.375,141.125]}},{"type":"Feature","geometry":{"type":"Polygon","coordinates":[[[152.75,-9.25],[153.0,-9.25],[153.0,-9.0],[152.75,-9.0],[152.75,-9.25]]]},"properties":{"records":14,"species":4,"genera":5,"families":0,"top_genera":[["Stenochlaena",4],["Vigna",4],["Trichosanthes",2],["Gnetum",2],["Ficus",2]],"top_species":[["Stenochlaena palustris",4],["Vigna marina",4],["Gnetum gnemon",2],["Ficus itoana",2]],"center":[-9.125,152.875]}},{"type":"Feature","geometry":{"type":"Polygon","coordinates":[[[152.0,-5.25],[152.25,-5.25],[152.25,-5.0],[152.0,-5.0],[152.0,-5.25]]]},"properties":{"records":14,"species":11,"genera":5,"families":0,"top_genera":[["Ficus",10],["Morinda",1],["Celosia",1],["Solanum",1],["Gnetum",1]],"top_species":[["Ficus septica",2],["Ficus subcuneata",1],["Ficus racemifera",1],["Ficus wamanguana",1],["Ficus bernaysii",1]],"center":[-5.125,152.125]}},{"type":"Feature","geometry":{"type":"Polygon","coordinates":[[[152.0,-3.25],[152.25,-3.25],[152.25,-3.0],[152.0,-3.0],[152.0,-3.25]]]},"properties":{"records":14,"species":3,"genera":2,"families":0,"top_genera":[["Ficus",11],["Bidens",3]],"top_species":[["Ficus chrysolepis",6],["Ficus tinctoria",5],["Bidens pilosa",2]],"center":[-3.125,152.125]}},{"type":"Feature","geometry":{"type":"Polygon","coordinates":[[[152.75,-11.0],[153.0,-11.0],[153.0,-10.75],[152.75,-10.75],[152.75,-11.0]]]},"properties":{"records":14,"species":5,"genera":4,"families":0,"top_genera":[["Ipomoea",6],["Dioscorea",4],["Colocasia",2],["Xanthosoma",2]],"top_species":[["Ipomoea batatas",6],["Dioscorea esculenta",2],["Colocasia esculenta",2],["Dioscorea alata",2],["Xanthosoma sagittifolium",2]],"center":[-10.875,152.875]}},{"type":"Feature","geometry":{"type":"Polygon","coordinates":[[[142.0,-9.0],[142.25,-9.0],[142.25,-8.75],[142.0,-8.75],[142.0,-9.0]]]},"properties":{"records":14,"species":11,"genera":7,"families":0,"top_genera":[["Ficus",6],["Crotalaria",3],["Cissus",1],["Cassia",1],["Crassocephalum",1]],"top_species":[["Crotalaria goreensis",3],["Ficus rhizophoriphylla",2],["Cissus repens",1],["Cassia javanica",1],["Ficus opposita",1]],"center":[-8.875,142.125]}},{"type":"Feature","geometry":{"type":"Polygon","coordinates":[[[145.75,-7.75],[146.0,-7.75],[146.0,-7.5],[145.75,-7.5],[145.75,-7.75]]]},"properties":{"records":14,"species":3,"genera":1,"families":0,"top_genera":[["Ficus",14]],"top_species":[["Ficus subulata",5],["Ficus dammaropsis",3],["Ficus botryocarpa",2]],"center":[-7.625,145.875]}},{"type":"Feature","geometry":{"type":"Polygon","coordinates":[[[149.75,-5.5],[150.0,-5.5],[150.0,-5.25],[149.75,-5.25],[149.75,-5.5]]]},"properties":{"records":13,"species":8,"genera":7,"families":0,"top_genera":[["Ficus",4],["Senna",2],["Mimosa",2],["Solanum",2],["Hibiscus",1]],"top_species":[["Ficus microcarpa",3],["Senna alata",2],["Solanum torvum",2],["Mimosa pudica",1],["Hibiscus rosa-sinensis",1]],"center":[-5.375,149.875]}},{"type":"Feature","geometry":{"type":"Polygon","coordinates":[[[153.5,-11.5],[153.75,-11.5],[153.75,-11.25],[153.5,-11.25],[153.5,-11.5]]]},"properties":{"records":13,"species":7,"genera":4,"families":0,"top_genera":[["Ficus",8],["Gnetum",2],["Mucuna",2],["Vigna",1]],"top_species":[["Ficus subnervosa",2],["Gnetum gnemon",2],["Ficus subtrinervia",2],["Vigna marina",1],["Mucuna platyphylla",1]],"center":[-11.375,153.625]}},{"type":"Feature","geometry":{"type":"Polygon","coordinates":[[[143.0,-4.0],[143.25,-4.0],[143.25,-3.75],[143.0,-3.75],[143.0,-4.0]]]},"properties":{"records":13,"species":3,"genera":3,"families":0,"top_genera":[["Ficus",10],["Rungia",2],["Crotalaria",1]],"top_species":[["Ficus pungens",5],["Rungia klossii",2],["Crotalaria montana",1]],"center":[-3.875,143.125]}},{"type":"Feature","geometry":{"type":"Polygon","coordinates":[[[143.0,-6.5],[143.25,-6.5],[143.25,-6.25],[143.0,-6.25],[143.0,-6.5]]]},"properties":{"records":13,"species":5,"genera":6,"families":0,"top_genera":[["Mucuna",4],["Ficus",4],["Hibiscus",2],["Crassocephalum",1],["Bidens",1]],"top_species":[["Ficus trachypison",2],["Mucuna novoguineensis",2],["Crassocephalum crepidioides",1],["Bidens pilosa",1],["Clerodendrum paniculatum",1]],"center":[-6.375,143.125]}},{"type":"Feature","geometry":{"type":"Polygon","coordinates":[[[144.5,-4.0],[144.75,-4.0],[144.75,-3.75],[144.5,-3.75],[144.5,-4.0]]]},"properties":{"records":13,"species":9,"genera":5,"families":0,"top_genera":[["Ficus",7],["Gnetum",2],["Amaranthus",2],["Physalis",1],["Cissus",1]],"top_species":[["Gnetum gnemon",2],["Amaranthus tricolor",2],["Ficus virens",1],["Ficus microcarpa",1],["Ficus retusa",1]],"center":[-3.875,144.625]}},{"type":"Feature","geometry":{"type":"Polygon","coordinates":[[[146.0,-7.75],[146.25,-7.75],[146.25,-7.5],[146.0,-7.5],[146.0,-7.75]]]},"properties":{"records":13,"species":5,"genera":1,"families":0,"top_genera":[["Ficus",13]],"top_species":[["Ficus erythrosperma",4],["Ficus subulata",2],["Ficus scratchleyana",2],["Ficus jimiensis",1],["Ficus glandulifera",1]],"center":[-7.625,146.125]}},{"type":"Feature","geometry":{"type":"Polygon","coordinates":[[[145.5,-7.5],[145.75,-7.5],[145.75,-7.25],[145.5,-7.25],[145.5,-7.5]]]},"properties":{"records":13,"species":3,"genera":2,"families":0,"top_genera":[["Ficus",11],["Cissus",2]],"top_species":[["Cissus discolor",1],["Ficus papuana",1],["Cissus aristata",1]],"center":[-7.375,145.625]}},{"type":"Feature","geometry":{"type":"Polygon","coordinates":[[[147.0,-7.75],[147.25,-7.75],[147.25,-7.5],[147.0,-7.5],[147.0,-7.75]]]},"properties":{"records":13,"species":3,"genera":3,"families":0,"top_genera":[["Diplazium",9],["Crotalaria",3],["Solanum",1]],"top_species":[["Diplazium proliferum",9],["Crotalaria goreensis",2],["Solanum dunalianum",1]],"center":[-7.625,147.125]}},{"type":"Feature","geometry":{"type":"Polygon","coordinates":[[[143.5,-8.5],[143.75,-8.5],[143.75,-8.25],[143.5,-8.25],[143.5,-8.5]]]},"properties":{"records":13,"species":4,"genera":4,"families":0,"top_genera":[["Ceratopteris",6],["Ficus",5],["Crotalaria",1],["Hibiscus",1]],"top_species":[["Ceratopteris thalictroides",6],["Ficus racemifera",3],["Ficus hesperidiiformis",2],["Crotalaria incana",1]],"center":[-8.375,143.625]}},{"type":"Feature","geometry":{"type":"Polygon","coordinates":[[[149.0,-5.75],[149.25,-5.75],[149.25,-5.5],[149.0,-5.5],[149.0,-5.75]]]},"properties":{"records":13,"species":5,"genera":2,"families":0,"top_genera":[["Ficus",11],["Mucuna",2]],"top_species":[["Ficus albipila",2],["Ficus erythrosperma",2],["Ficus hadroneura",2],["Mucuna bennettii",1],["Ficus wassa",1]],"center":[-5.625,149.125]}},{"type":"Feature","geometry":{"type":"Polygon","coordinates":[[[145.25,-6.75],[145.5,-6.75],[145.5,-6.5],[145.25,-6.5],[145.25,-6.75]]]},"properties":{"records":13,"species":6,"genera":4,"families":0,"top_genera":[["Ficus",9],["Solanum",2],["Vernonia",1],["Crotalaria",1]],"top_species":[["Ficus sclerosycia",3],["Ficus trichocerasa",2],["Solanum lycopersicum",2],["Crotalaria beddomeana",1],["Ficus hypophaea",1]],"center":[-6.625,145.375]}},{"type":"Feature","geometry":{"type":"Polygon","coordinates":[[[150.0,-10.25],[150.25,-10.25],[150.25,-10.0],[150.0,-10.0],[150.0,-10.25]]]},"properties":{"records":12,"species":7,"genera":5,"families":0,"top_genera":[["Morinda",4],["Ficus",3],["Crotalaria",3],["Amorphophallus",1],["Passiflora",1]],"top_species":[["Morinda citrifolia",4],["Ficus subulata",2],["Crotalaria goreensis",2],["Crotalaria montana",1],["Amorphophallus paeoniifolius",1]],"center":[-10.125,150.125]}},{"type":"Feature","geometry":{"type":"Polygon","coordinates":[[[144.75,-5.5],[145.0,-5.5],[145.0,-5.25],[144.75,-5.25],[144.75,-5.5]]]},"properties":{"records":12,"species":6,"genera":4,"families":0,"top_genera":[["Ficus",8],["Oenanthe",2],["Crassocephalum",1],["Setaria",1]],"top_species":[["Ficus arbuscula",4],["Oenanthe javanica",2],["Ficus copiosa",2],["Ficus comitis",2],["Crassocephalum crepidioides",1]],"center":[-5.375,144.875]}},{"type":"Feature","geometry":{"type":"Polygon","coordinates":[[[142.0,-4.5],[142.25,-4.5],[142.25,-4.25],[142.0,-4.25],[142.0,-4.5]]]},"properties":{"records":12,"species":4,"genera":2,"families":0,"top_genera":[["Ficus",8],["Gnetum",4]],"top_species":[["Ficus arbuscula",5],["Gnetum gnemon",4],["Ficus subtrinervia",1],["Ficus odoardi",1]],"center":[-4.375,142.125]}},{"type":"Feature","geometry":{"type":"Polygon","coordinates":[[[143.0,-5.5],[143.25,-5.5],[143.25,-5.25],[143.0,-5.25],[143.0,-5.5]]]},"properties":{"records":12,"species":6,"genera":4,"families":0,"top_genera":[["Ficus",4],["Setaria",4],["Passiflora",3],["Sonchus",1]],"top_species":[["Setaria palmifolia",4],["Ficus mollior",2],["Passiflora tripartita",2],["Ficus trichocerasa",2],["Passiflora tarminiana",1]],"center":[-5.375,143.125]}},{"type":"Feature","geometry":{"type":"Polygon","coordinates":[[[143.25,-5.0],[143.5,-5.0],[143.5,-4.75],[143.25,-4.75],[143.25,-5.0]]]},"properties":{"records":12,"species":3,"genera":1,"families":0,"top_genera":[["Ficus",12]],"top_species":[["Ficus septica",7],["Ficus copiosa",4],["Ficus wassa",1]],"center":[-4.875,143.375]}},{"type":"Feature","geometry":{"type":"Polygon","coordinates":[[[143.75,-4.0],[144.0,-4.0],[144.0,-3.75],[143.75,-3.75],[143.75,-4.0]]]},"properties":{"records":12,"species":7,"genera":3,"families":0,"top_genera":[["Ficus",9],["Mucuna",2],["Gnetum",1]],"top_species":[["Ficus copiosa",2],["Ficus pachyrrhachis",2],["Mucuna novoguineensis",2],["Ficus bernaysii",1],["Gnetum gnemon",1]],"center":[-3.875,143.875]}},{"type":"Feature","geometry":{"type":"Polygon","coordinates":[[[146.0,-6.75],[146.25,-6.75],[146.25,-6.5],[146.0,-6.5],[146.0,-6.75]]]},"properties":{"records":11,"species":4,"genera":4,"families":0,"top_genera":[["Dioscorea",5],["Lysimachia",4],["Ficus",1],["Trichosanthes",1]],"top_species":[["Lysimachia japonica",4],["Dioscorea esculenta",3],["Dioscorea alata",2],["Trichosanthes edulis",1]],"center":[-6.625,146.125]}},{"type":"Feature","geometry":{"type":"Polygon","coordinates":[[[152.25,-4.5],[152.5,-4.5],[152.5,-4.25],[152.25,-4.25],[152.25,-4.5]]]},"properties":{"records":11,"species":5,"genera":4,"families":0,"top_genera":[["Ficus",6],["Gnetum",3],["Solanum",1],["Morinda",1]],"top_species":[["Ficus copiosa",4],["Gnetum gnemon",3],["Ficus septica",2],["Solanum torvum",1],["Morinda citrifolia",1]],"center":[-4.375,152.375]}},{"type":"Feature","geometry":{"type":"Polygon","coordinates":[[[147.0,-8.25],[147.25,-8.25],[147.25,-8.0],[147.0,-8.0],[147.0,-8.25]]]},"properties":{"records":11,"species":5,"genera":3,"families":0,"top_genera":[["Ficus",6],["Brassica",4],["Chenopodium",1]],"top_species":[["Ficus trichocerasa",4],["Ficus melinocarpa",2],["Brassica rapa",2],["Brassica juncea",2],["Chenopodium acuminatum",1]],"center":[-8.125,147.125]}},{"type":"Feature","geometry":{"type":"Polygon","coordinates":[[[151.75,-3.5],[152.0,-3.5],[152.0,-3.25],[151.75,-3.25],[151.75,-3.5]]]},"properties":{"records":11,"species":5,"genera":4,"families":0,"top_genera":[["Diplazium",5],["Angiopteris",4],["Solanum",1],["Crassocephalum",1]],"top_species":[["Angiopteris evecta",4],["Diplazium proliferum",3],["Diplazium esculentum",2],["Solanum torvum",1],["Crassocephalum crepidioides",1]],"center":[-3.375,151.875]}},{"type":"Feature","geometry":{"type":"Polygon","coordinates":[[[142.75,-6.75],[143.0,-6.75],[143.0,-6.5],[142.75,-6.5],[142.75,-6.75]]]},"properties":{"records":11,"species":5,"genera":5,"families":0,"top_genera":[["Cissus",3],["Gnetum",3],["Trichosanthes",3],["Solanum",1],["Passiflora",1]],"top_species":[["Gnetum gnemon",3],["Trichosanthes edulis",3],["Solanum lasiocarpum",1],["Passiflora aurantioides",1],["Cissus discolor",1]],"center":[-6.625,142.875]}},{"type":"Feature","geometry":{"type":"Polygon","coordinates":[[[141.5,-5.0],[141.75,-5.0],[141.75,-4.75],[141.5,-4.75],[141.5,-5.0]]]},"properties":{"records":11,"species":5,"genera":4,"families":0,"top_genera":[["Ficus",6],["Stenochlaena",2],["Polygonum",2],["Solanum",1]],"top_species":[["Ficus iodotricha",3],["Stenochlaena palustris",2],["Ficus scratchleyana",2],["Solanum lasiocarpum",1],["Ficus hesperidiiformis",1]],"center":[-4.875,141.625]}},{"type":"Feature","geometry":{"type":"Polygon","coordinates":[[[150.75,-3.0],[151.0,-3.0],[151.0,-2.75],[150.75,-2.75],[150.75,-3.0]]]},"properties":{"records":11,"species":2,"genera":3,"families":0,"top_genera":[["Gnetum",7],["Stenochlaena",2],["Ficus",2]],"top_species":[["Gnetum gnemon",7],["Stenochlaena palustris",2]],"center":[-2.875,150.875]}},{"type":"Feature","geometry":{"type":"Polygon","coordinates":[[[148.75,-5.75],[149.0,-5.75],[149.0,-5.5],[148.75,-5.5],[148.75,-5.75]]]},"properties":{"records":11,"species":5,"genera":2,"families":0,"top_genera":[["Ficus",8],["Passiflora",3]],"top_species":[["Passiflora aurantioides",3],["Ficus mollior",2],["Ficus adenosperma",2],["Ficus ribes",1],["Ficus arbuscula",1]],"center":[-5.625,148.875]}},{"type":"Feature","geometry":{"type":"Polygon","coordinates":[[[146.0,-7.0],[146.25,-7.0],[146.25,-6.75],[146.0,-6.75],[146.0,-7.0]]]},"properties":{"records":11,"species":8,"genera":6,"families":0,"top_genera":[["Dioscorea",3],["Solanum",3],["Ipomoea",2],["Bidens",1],["Mucuna",1]],"top_species":[["Dioscorea esculenta",3],["Solanum trichostylum",1],["Solanum arachnoides",1],["Solanum rivicola",1],["Ipomoea hederifolia",1]],"center":[-6.875,146.125]}},{"type":"Feature","geometry":{"type":"Polygon","coordinates":[[[145.5,-5.0],[145.75,-5.0],[145.75,-4.75],[145.5,-4.75],[145.5,-5.0]]]},"properties":{"records":11,"species":5,"genera":3,"families":0,"top_genera":[["Ficus",7],["Diplazium",3],["Ludwigia",1]],"top_species":[["Ficus subulata",5],["Diplazium proliferum",3],["Ficus mollior",1],["Ludwigia octovalvis",1],["Ficus racemifera",1]],"center":[-4.875,145.625]}},{"type":"Feature","geometry":{"type":"Polygon","coordinates":[[[141.5,-5.75],[141.75,-5.75],[141.75,-5.5],[141.5,-5.5],[141.5,-5.75]]]},"properties":{"records":11,"species":8,"genera":6,"families":0,"top_genera":[["Ficus",5],["Mucuna",2],["Ludwigia",1],["Cissus",1],["Colocasia",1]],"top_species":[["Ficus mollior",2],["Mucuna novoguineensis",2],["Ludwigia octovalvis",1],["Ficus arbuscula",1],["Cissus conchigera",1]],"center":[-5.625,141.625]}},{"type":"Feature","geometry":{"type":"Polygon","coordinates":[[[148.5,-9.0],[148.75,-9.0],[148.75,-8.75],[148.5,-8.75],[148.5,-9.0]]]},"properties":{"records":11,"species":3,"genera":3,"families":0,"top_genera":[["Colocasia",7],["Ipomoea",3],["Mimosa",1]],"top_species":[["Colocasia esculenta",7],["Ipomoea batatas",3],["Mimosa diplotricha",1]],"center":[-8.875,148.625]}},{"type":"Feature","geometry":{"type":"Polygon","coordinates":[[[147.0,-6.25],[147.25,-6.25],[147.25,-6.0],[147.0,-6.0],[147.0,-6.25]]]},"properties":{"records":10,"species":4,"genera":4,"families":0,"top_genera":[["Ficus",5],["Solanum",2],["Ipomoea",2],["Dioscorea",1]],"top_species":[["Ficus adenosperma",3],["Ipomoea cairica",2],["Dioscorea nummularia",1],["Ficus crassiramea",1]],"center":[-6.125,147.125]}},{"type":"Feature","geometry":{"type":"Polygon","coordinates":[[[145.5,-5.75],[145.75,-5.75],[145.75,-5.5],[145.5,-5.5],[145.5,-5.75]]]},"properties":{"records":10,"species":4,"genera":3,"families":0,"top_genera":[["Ficus",6],["Diplazium",3],["Mucuna",1]],"top_species":[["Ficus drupacea",4],["Diplazium esculentum",3],["Ficus tinctoria",1],["Mucuna mollissima",1]],"center":[-5.625,145.625]}},{"type":"Feature","geometry":{"type":"Polygon","coordinates":[[[147.5,-9.75],[147.75,-9.75],[147.75,-9.5],[147.5,-9.5],[147.5,-9.75]]]},"properties":{"records":10,"species":6,"genera":5,"families":0,"top_genera":[["Ficus",6],["Setaria",1],["Morinda",1],["Gnetum",1],["Crotalaria",1]],"top_species":[["Ficus wassa",1],["Ficus bernaysii",1],["Setaria palmifolia",1],["Morinda citrifolia",1],["Gnetum gnemon",1]],"center":[-9.625,147.625]}},{"type":"Feature","geometry":{"type":"Polygon","coordinates":[[[147.75,-8.25],[148.0,-8.25],[148.0,-8.0],[147.75,-8.0],[147.75,-8.25]]]},"properties":{"records":10,"species":4,"genera":3,"families":0,"top_genera":[["Ficus",7],["Trichosanthes",2],["Amaranthus",1]],"top_species":[["Ficus funiculicaulis",3],["Ficus subulata",3],["Trichosanthes hastata",2],["Amaranthus undulatus",1]],"center":[-8.125,147.875]}},{"type":"Feature","geometry":{"type":"Polygon","coordinates":[[[153.25,-11.5],[153.5,-11.5],[153.5,-11.25],[153.25,-11.25],[153.25,-11.5]]]},"properties":{"records":10,"species":3,"genera":4,"families":0,"top_genera":[["Ficus",5],["Polygonum",2],["Vernonia",2],["Ipomoea",1]],"top_species":[["Ficus opposita",3],["Ipomoea pes-caprae",1],["Ficus subtrinervia",1]],"center":[-11.375,153.375]}},{"type":"Feature","geometry":{"type":"Polygon","coordinates":[[[146.75,-5.25],[147.0,-5.25],[147.0,-5.0],[146.75,-5.0],[146.75,-5.25]]]},"properties":{"records":10,"species":5,"genera":5,"families":0,"top_genera":[["Canavalia",3],["Ficus",3],["Vigna",2],["Bidens",1],["Cissus",1]],"top_species":[["Ficus drupacea",3],["Vigna marina",2],["Canavalia rosea",2],["Bidens pilosa",1],["Canavalia cathartica",1]],"center":[-5.125,146.875]}},{"type":"Feature","geometry":{"type":"Polygon","coordinates":[[[144.25,-7.5],[144.5,-7.5],[144.5,-7.25],[144.25,-7.25],[144.25,-7.5]]]},"properties":{"records":10,"species":1,"genera":3,"families":0,"top_genera":[["Ficus",8],["Clitoria",1],["Mucuna",1]],"top_species":[["Clitoria ternatea",1]],"center":[-7.375,144.375]}},{"type":"Feature","geometry":{"type":"Polygon","coordinates":[[[148.5,-5.5],[148.75,-5.5],[148.75,-5.25],[148.5,-5.25],[148.5,-5.5]]]},"properties":{"records":10,"species":3,"genera":2,"families":0,"top_genera":[["Ficus",8],["Celosia",2]],"top_species":[["Ficus subtrinervia",2],["Ficus botryocarpa",2],["Celosia argentea",1]],"center":[-5.375,148.625]}},{"type":"Feature","geometry":{"type":"Polygon","coordinates":[[[144.0,-5.25],[144.25,-5.25],[144.25,-5.0],[144.0,-5.0],[144.0,-5.25]]]},"properties":{"records":10,"species":5,"genera":4,"families":0,"top_genera":[["Ficus",6],["Lactuca",2],["Polygonum",1],["Oenanthe",1]],"top_species":[["Lactuca indica",2],["Oenanthe javanica",1],["Ficus hesperidiiformis",1],["Ficus robusta",1],["Ficus adenosperma",1]],"center":[-5.125,144.125]}},{"type":"Feature","geometry":{"type":"Polygon","coordinates":[[[148.75,-6.0],[149.0,-6.0],[149.0,-5.75],[148.75,-5.75],[148.75,-6.0]]]},"properties":{"records":10,"species":5,"genera":2,"families":0,"top_genera":[["Ficus",9],["Passiflora",1]],"top_species":[["Ficus macrothyrsa",3],["Ficus arbuscula",1],["Ficus mollior",1],["Passiflora aurantioides",1],["Ficus ribes",1]],"center":[-5.875,148.875]}},{"type":"Feature","geometry":{"type":"Polygon","coordinates":[[[145.25,-7.25],[145.5,-7.25],[145.5,-7.0],[145.25,-7.0],[145.25,-7.25]]]},"properties":{"records":10,"species":4,"genera":3,"families":0,"top_genera":[["Ficus",8],["Angiopteris",1],["Solanum",1]],"top_species":[["Ficus hesperidiiformis",4],["Angiopteris evecta",1],["Ficus arbuscula",1],["Ficus mollior",1]],"center":[-7.125,145.375]}},{"type":"Feature","geometry":{"type":"Polygon","coordinates":[[[141.75,-9.0],[142.0,-9.0],[142.0,-8.75],[141.75,-8.75],[141.75,-9.0]]]},"properties":{"records":9,"species":4,"genera":5,"families":0,"top_genera":[["Dioscorea",3],["Gnetum",2],["Cucumis",2],["Polygonum",1],["Carissa",1]],"top_species":[["Dioscorea bulbifera",3],["Gnetum gnemon",2],["Cucumis maderaspatanus",2],["Carissa spinarum",1]],"center":[-8.875,141.875]}},{"type":"Feature","geometry":{"type":"Polygon","coordinates":[[[146.5,-7.75],[146.75,-7.75],[146.75,-7.5],[146.5,-7.5],[146.5,-7.75]]]},"properties":{"records":9,"species":2,"genera":1,"families":0,"top_genera":[["Ficus",9]],"top_species":[["Ficus itoana",5],["Ficus hesperidiiformis",2]],"center":[-7.625,146.625]}},{"type":"Feature","geometry":{"type":"Polygon","coordinates":[[[143.0,-5.75],[143.25,-5.75],[143.25,-5.5],[143.0,-5.5],[143.0,-5.75]]]},"properties":{"records":9,"species":6,"genera":6,"families":0,"top_genera":[["Sonchus",3],["Rumex",2],["Polygonum",1],["Brassica",1],["Cirsium",1]],"top_species":[["Sonchus asper",2],["Rumex crispus",2],["Brassica oleracea",1],["Cirsium vulgare",1],["Physalis peruviana",1]],"center":[-5.625,143.125]}},{"type":"Feature","geometry":{"type":"Polygon","coordinates":[[[141.25,-3.5],[141.5,-3.5],[141.5,-3.25],[141.25,-3.25],[141.25,-3.5]]]},"properties":{"records":9,"species":5,"genera":5,"families":0,"top_genera":[["Ficus",5],["Vigna",1],["Polygonum",1],["Passiflora",1],["Cissus",1]],"top_species":[["Vigna vexillata",1],["Ficus subulata",1],["Ficus adenosperma",1],["Passiflora foetida",1],["Cissus conchigera",1]],"center":[-3.375,141.375]}},{"type":"Feature","geometry":{"type":"Polygon","coordinates":[[[150.0,-5.5],[150.25,-5.5],[150.25,-5.25],[150.0,-5.25],[150.0,-5.5]]]},"properties":{"records":9,"species":4,"genera":4,"families":0,"top_genera":[["Ipomoea",3],["Solanum",2],["Morinda",2],["Hibiscus",2]],"top_species":[["Ipomoea pes-caprae",3],["Solanum torvum",2],["Morinda citrifolia",2],["Hibiscus schizopetalus",2]],"center":[-5.375,150.125]}},{"type":"Feature","geometry":{"type":"Polygon","coordinates":[[[147.25,-2.25],[147.5,-2.25],[147.5,-2.0],[147.25,-2.0],[147.25,-2.25]]]},"properties":{"records":9,"species":6,"genera":4,"families":0,"top_genera":[["Ficus",5],["Solanum",2],["Gnetum",1],["Ipomoea",1]],"top_species":[["Solanum torvum",2],["Gnetum gnemon",1],["Ipomoea pes-caprae",1],["Ficus septica",1],["Ficus subtrinervia",1]],"center":[-2.125,147.375]}},{"type":"Feature","geometry":{"type":"Polygon","coordinates":[[[143.0,-6.25],[143.25,-6.25],[143.25,-6.0],[143.0,-6.0],[143.0,-6.25]]]},"properties":{"records":9,"species":5,"genera":2,"families":0,"top_genera":[["Ficus",7],["Solanum",2]],"top_species":[["Ficus ribes",2],["Solanum rivicola",1],["Ficus hesperidiiformis",1],["Ficus erythrosperma",1],["Ficus wassa",1]],"center":[-6.125,143.125]}},{"type":"Feature","geometry":{"type":"Polygon","coordinates":[[[150.25,-9.75],[150.5,-9.75],[150.5,-9.5],[150.25,-9.5],[150.25,-9.75]]]},"properties":{"records":9,"species":3,"genera":5,"families":0,"top_genera":[["Ipomoea",3],["Crotalaria",3],["Ficus",1],["Vigna",1],["Cissus",1]],"top_species":[["Vigna hosei",1],["Cissus discolor",1],["Crotalaria paniculata",1]],"center":[-9.625,150.375]}},{"type":"Feature","geometry":{"type":"Polygon","coordinates":[[[147.75,-8.5],[148.0,-8.5],[148.0,-8.25],[147.75,-8.25],[147.75,-8.5]]]},"properties":{"records":9,"species":5,"genera":4,"families":0,"top_genera":[["Ficus",6],["Stenochlaena",1],["Cassia",1],["Cissus",1]],"top_species":[["Ficus gul",3],["Stenochlaena palustris",1],["Ficus subulata",1],["Cassia javanica",1],["Cissus discolor",1]],"center":[-8.375,147.875]}},{"type":"Feature","geometry":{"type":"Polygon","coordinates":[[[142.75,-9.0],[143.0,-9.0],[143.0,-8.75],[142.75,-8.75],[142.75,-9.0]]]},"properties":{"records":9,"species":4,"genera":4,"families":0,"top_genera":[["Solanum",3],["Crotalaria",2],["Crassocephalum",2],["Corchorus",2]],"top_species":[["Solanum viridifolium",3],["Crotalaria micans",2],["Crassocephalum crepidioides",2],["Corchorus aestuans",2]],"center":[-8.875,142.875]}},{"type":"Feature","geometry":{"type":"Polygon","coordinates":[[[143.0,-3.5],[143.25,-3.5],[143.25,-3.25],[143.0,-3.25],[143.0,-3.5]]]},"properties":{"records":9,"species":4,"genera":2,"families":0,"top_genera":[["Ficus",7],["Mimosa",2]],"top_species":[["Ficus ampelos",2],["Ficus tinctoria",2],["Mimosa pudica",2],["Ficus adelpha",1]],"center":[-3.375,143.125]}},{"type":"Feature","geometry":{"type":"Polygon","coordinates":[[[141.5,-6.75],[141.75,-6.75],[141.75,-6.5],[141.5,-6.5],[141.5,-6.75]]]},"properties":{"records":9,"species":5,"genera":3,"families":0,"top_genera":[["Ficus",4],["Trichosanthes",3],["Rorippa",2]],"top_species":[["Ficus hesperidiiformis",2],["Ficus pantoniana",2],["Trichosanthes edulis",1],["Trichosanthes ovigera",1],["Rorippa peekelii",1]],"center":[-6.625,141.625]}},{"type":"Feature","geometry":{"type":"Polygon","coordinates":[[[153.0,-11.25],[153.25,-11.25],[153.25,-11.0],[153.0,-11.0],[153.0,-11.25]]]},"properties":{"records":9,"species":5,"genera":3,"families":0,"top_genera":[["Ficus",6],["Solanum",2],["Amaranthus",1]],"top_species":[["Ficus microcarpa",3],["Solanum dunalianum",1],["Amaranthus tricolor",1],["Solanum lasiocarpum",1],["Ficus wassa",1]],"center":[-11.125,153.125]}},{"type":"Feature","geometry":{"type":"Polygon","coordinates":[[[148.75,-6.25],[149.0,-6.25],[149.0,-6.0],[148.75,-6.0],[148.75,-6.25]]]},"properties":{"records":9,"species":2,"genera":3,"families":0,"top_genera":[["Passiflora",4],["Ficus",4],["Cassia",1]],"top_species":[["Passiflora foetida",4],["Ficus tinctoria",3]],"center":[-6.125,148.875]}},{"type":"Feature","geometry":{"type":"Polygon","coordinates":[[[141.5,-8.5],[141.75,-8.5],[141.75,-8.25],[141.5,-8.25],[141.5,-8.5]]]},"properties":{"records":9,"species":2,"genera":2,"families":0,"top_genera":[["Ficus",5],["Mucuna",4]],"top_species":[["Ficus virens",5],["Mucuna gigantea",4]],"center":[-8.375,141.625]}},{"type":"Feature","geometry":{"type":"Polygon","coordinates":[[[152.75,-4.75],[153.0,-4.75],[153.0,-4.5],[152.75,-4.5],[152.75,-4.75]]]},"properties":{"records":9,"species":6,"genera":7,"families":0,"top_genera":[["Diplazium",3],["Solanum",1],["Mucuna",1],["Canavalia",1],["Angiopteris",1]],"top_species":[["Diplazium proliferum",3],["Solanum torvum",1],["Mucuna novoguineensis",1],["Canavalia cathartica",1],["Angiopteris evecta",1]],"center":[-4.625,152.875]}},{"type":"Feature","geometry":{"type":"Polygon","coordinates":[[[145.5,-9.25],[145.75,-9.25],[145.75,-9.0],[145.5,-9.0],[145.5,-9.25]]]},"properties":{"records":9,"species":3,"genera":4,"families":0,"top_genera":[["Ficus",6],["Senna",1],["Albizia",1],["Passiflora",1]],"top_species":[["Senna alata",1],["Albizia carrii",1],["Passiflora foetida",1]],"center":[-9.125,145.625]}},{"type":"Feature","geometry":{"type":"Polygon","coordinates":[[[145.75,-6.75],[146.0,-6.75],[146.0,-6.5],[145.75,-6.5],[145.75,-6.75]]]},"properties":{"records":8,"species":5,"genera":2,"families":0,"top_genera":[["Ficus",7],["Trichosanthes",1]],"top_species":[["Ficus adenosperma",3],["Ficus erythrosperma",2],["Trichosanthes edulis",1],["Ficus trichocerasa",1],["Ficus hypophaea",1]],"center":[-6.625,145.875]}},{"type":"Feature","geometry":{"type":"Polygon","coordinates":[[[144.5,-4.25],[144.75,-4.25],[144.75,-4.0],[144.5,-4.0],[144.5,-4.25]]]},"properties":{"records":8,"species":5,"genera":5,"families":0,"top_genera":[["Mucuna",4],["Ipomoea",1],["Ficus",1],["Solanum",1],["Benincasa",1]],"top_species":[["Mucuna bennettii",2],["Mucuna gigantea",1],["Ipomoea aquatica",1],["Mucuna mollissima",1],["Benincasa hispida",1]],"center":[-4.125,144.625]}},{"type":"Feature","geometry":{"type":"Polygon","coordinates":[[[144.5,-6.25],[144.75,-6.25],[144.75,-6.0],[144.5,-6.0],[144.5,-6.25]]]},"properties":{"records":8,"species":4,"genera":5,"families":0,"top_genera":[["Crassocephalum",2],["Trichosanthes",2],["Ficus",2],["Passiflora",1],["Oenanthe",1]],"top_species":[["Crassocephalum crepidioides",2],["Trichosanthes edulis",2],["Ficus copiosa",2],["Oenanthe javanica",1]],"center":[-6.125,144.625]}},{"type":"Feature","geometry":{"type":"Polygon","coordinates":[[[152.5,-3.25],[152.75,-3.25],[152.75,-3.0],[152.5,-3.0],[152.5,-3.25]]]},"properties":{"records":8,"species":3,"genera":3,"families":0,"top_genera":[["Stenochlaena",5],["Angiopteris",2],["Ficus",1]],"top_species":[["Stenochlaena palustris",5],["Angiopteris evecta",2],["Ficus obliqua",1]],"center":[-3.125,152.625]}},{"type":"Feature","geometry":{"type":"Polygon","coordinates":[[[142.25,-5.75],[142.5,-5.75],[142.5,-5.5],[142.25,-5.5],[142.25,-5.75]]]},"properties":{"records":8,"species":4,"genera":5,"families":0,"top_genera":[["Ficus",2],["Dioscorea",2],["Brassica",2],["Solanum",1],["Phaseolus",1]],"top_species":[["Ficus porphyrochaete",2],["Dioscorea nummularia",2],["Brassica oleracea",2],["Phaseolus vulgaris",1]],"center":[-5.625,142.375]}},{"type":"Feature","geometry":{"type":"Polygon","coordinates":[[[150.75,-6.25],[151.0,-6.25],[151.0,-6.0],[150.75,-6.0],[150.75,-6.25]]]},"properties":{"records":8,"species":2,"genera":3,"families":0,"top_genera":[["Morinda",4],["Hibiscus",2],["Mucuna",2]],"top_species":[["Morinda citrifolia",4],["Mucuna gigantea",2]],"center":[-6.125,150.875]}},{"type":"Feature","geometry":{"type":"Polygon","coordinates":[[[144.25,-6.25],[144.5,-6.25],[144.5,-6.0],[144.25,-6.0],[144.25,-6.25]]]},"properties":{"records":8,"species":6,"genera":3,"families":0,"top_genera":[["Ficus",4],["Solanum",3],["Glycine",1]],"top_species":[["Ficus endochaete",1],["Glycine max",1],["Solanum expedunculatum",1],["Ficus stellaris",1],["Ficus saccata",1]],"center":[-6.125,144.375]}},{"type":"Feature","geometry":{"type":"Polygon","coordinates":[[[147.5,-10.25],[147.75,-10.25],[147.75,-10.0],[147.5,-10.0],[147.5,-10.25]]]},"properties":{"records":8,"species":6,"genera":4,"families":0,"top_genera":[["Dioscorea",4],["Crotalaria",2],["Ficus",1],["Vigna",1]],"top_species":[["Dioscorea alata",2],["Dioscorea esculenta",2],["Crotalaria retusa",1],["Ficus septica",1],["Vigna marina",1]],"center":[-10.125,147.625]}},{"type":"Feature","geometry":{"type":"Polygon","coordinates":[[[143.25,-9.0],[143.5,-9.0],[143.5,-8.75],[143.25,-8.75],[143.25,-9.0]]]},"properties":{"records":8,"species":4,"genera":4,"families":0,"top_genera":[["Physalis",3],["Pueraria",2],["Mucuna",2],["Mimosa",1]],"top_species":[["Physalis angulata",3],["Pueraria montana",2],["Mucuna bennettii",2],["Mimosa pudica",1]],"center":[-8.875,143.375]}},{"type":"Feature","geometry":{"type":"Polygon","coordinates":[[[148.0,-10.0],[148.25,-10.0],[148.25,-9.75],[148.0,-9.75],[148.0,-10.0]]]},"properties":{"records":8,"species":5,"genera":5,"families":0,"top_genera":[["Hibiscus",2],["Ficus",2],["Crotalaria",2],["Portulaca",1],["Mucuna",1]],"top_species":[["Ficus racemifera",2],["Crotalaria goreensis",1],["Portulaca pilosa",1],["Mucuna bennettii",1],["Crotalaria retusa",1]],"center":[-9.875,148.125]}},{"type":"Feature","geometry":{"type":"Polygon","coordinates":[[[147.0,-6.0],[147.25,-6.0],[147.25,-5.75],[147.0,-5.75],[147.0,-6.0]]]},"properties":{"records":8,"species":5,"genera":6,"families":0,"top_genera":[["Rorippa",2],["Stenochlaena",2],["Ficus",1],["Cucumis",1],["Momordica",1]],"top_species":[["Rorippa peekelii",2],["Stenochlaena palustris",2],["Cucumis melo",1],["Momordica cochinchinensis",1],["Angiopteris evecta",1]],"center":[-5.875,147.125]}},{"type":"Feature","geometry":{"type":"Polygon","coordinates":[[[144.5,-5.0],[144.75,-5.0],[144.75,-4.75],[144.5,-4.75],[144.5,-5.0]]]},"properties":{"records":8,"species":4,"genera":5,"families":0,"top_genera":[["Crotalaria",2],["Stenochlaena",2],["Ficus",2],["Abelmoschus",1],["Hibiscus",1]],"top_species":[["Crotalaria montana",2],["Stenochlaena palustris",2],["Ficus baeuerlenii",2],["Abelmoschus moschatus",1]],"center":[-4.875,144.625]}},{"type":"Feature","geometry":{"type":"Polygon","coordinates":[[[143.25,-3.75],[143.5,-3.75],[143.5,-3.5],[143.25,-3.5],[143.25,-3.75]]]},"properties":{"records":8,"species":5,"genera":3,"families":0,"top_genera":[["Ficus",5],["Crotalaria",2],["Vigna",1]],"top_species":[["Ficus septica",2],["Crotalaria montana",2],["Vigna marina",1],["Ficus rhizophoriphylla",1],["Ficus hispida",1]],"center":[-3.625,143.375]}},{"type":"Feature","geometry":{"type":"Polygon","coordinates":[[[152.0,-5.0],[152.25,-5.0],[152.25,-4.75],[152.0,-4.75],[152.0,-5.0]]]},"properties":{"records":8,"species":4,"genera":4,"families":0,"top_genera":[["Solanum",3],["Celosia",3],["Morinda",1],["Ficus",1]],"top_species":[["Solanum torvum",3],["Morinda citrifolia",1],["Ficus subcuneata",1],["Celosia argentea",1]],"center":[-4.875,152.125]}},{"type":"Feature","geometry":{"type":"Polygon","coordinates":[[[144.75,-6.75],[145.0,-6.75],[145.0,-6.5],[144.75,-6.5],[144.75,-6.75]]]},"properties":{"records":8,"species":4,"genera":3,"families":0,"top_genera":[["Mucuna",5],["Amaranthus",2],["Sesbania",1]],"top_species":[["Mucuna mollissima",3],["Sesbania cannabina",1],["Amaranthus cruentus",1],["Amaranthus tricolor",1]],"center":[-6.625,144.875]}},{"type":"Feature","geometry":{"type":"Polygon","coordinates":[[[151.0,-5.5],[151.25,-5.5],[151.25,-5.25],[151.0,-5.25],[151.0,-5.5]]]},"properties":{"records":8,"species":2,"genera":2,"families":0,"top_genera":[["Colocasia",6],["Dioscorea",2]],"top_species":[["Colocasia esculenta",6],["Dioscorea esculenta",2]],"center":[-5.375,151.125]}},{"type":"Feature","geometry":{"type":"Polygon","coordinates":[[[141.5,-4.0],[141.75,-4.0],[141.75,-3.75],[141.5,-3.75],[141.5,-4.0]]]},"properties":{"records":7,"species":3,"genera":3,"families":0,"top_genera":[["Gnetum",5],["Crassocephalum",1],["Nelumbo",1]],"top_species":[["Gnetum gnemon",5],["Crassocephalum crepidioides",1],["Nelumbo nucifera",1]],"center":[-3.875,141.625]}},{"type":"Feature","geometry":{"type":"Polygon","coordinates":[[[146.75,-8.75],[147.0,-8.75],[147.0,-8.5],[146.75,-8.5],[146.75,-8.75]]]},"properties":{"records":7,"species":2,"genera":2,"families":0,"top_genera":[["Ficus",4],["Passiflora",3]],"top_species":[["Ficus fuscata",3],["Passiflora aurantia",3]],"center":[-8.625,146.875]}},{"type":"Feature","geometry":{"type":"Polygon","coordinates":[[[148.25,-9.75],[148.5,-9.75],[148.5,-9.5],[148.25,-9.5],[148.25,-9.75]]]},"properties":{"records":7,"species":2,"genera":3,"families":0,"top_genera":[["Crotalaria",4],["Solanum",2],["Cissus",1]],"top_species":[["Crotalaria pallida",4],["Cissus discolor",1]],"center":[-9.625,148.375]}},{"type":"Feature","geometry":{"type":"Polygon","coordinates":[[[150.5,-6.0],[150.75,-6.0],[150.75,-5.75],[150.5,-5.75],[150.5,-6.0]]]},"properties":{"records":7,"species":3,"genera":4,"families":0,"top_genera":[["Ficus",3],["Ocimum",2],["Solanum",1],["Hibiscus",1]],"top_species":[["Ficus calopilina",2],["Ocimum americanum",2],["Solanum dunalianum",1]],"center":[-5.875,150.625]}},{"type":"Feature","geometry":{"type":"Polygon","coordinates":[[[146.75,-2.5],[147.0,-2.5],[147.0,-2.25],[146.75,-2.25],[146.75,-2.5]]]},"properties":{"records":7,"species":2,"genera":2,"families":0,"top_genera":[["Ficus",6],["Cissus",1]],"top_species":[["Ficus subcongesta",1],["Ficus gul",1]],"center":[-2.375,146.875]}},{"type":"Feature","geometry":{"type":"Polygon","coordinates":[[[151.25,-3.0],[151.5,-3.0],[151.5,-2.75],[151.25,-2.75],[151.25,-3.0]]]},"properties":{"records":7,"species":3,"genera":3,"families":0,"top_genera":[["Stenochlaena",4],["Angiopteris",2],["Morinda",1]],"top_species":[["Stenochlaena palustris",4],["Angiopteris evecta",2],["Morinda citrifolia",1]],"center":[-2.875,151.375]}},{"type":"Feature","geometry":{"type":"Polygon","coordinates":[[[141.0,-9.0],[141.25,-9.0],[141.25,-8.75],[141.0,-8.75],[141.0,-9.0]]]},"properties":{"records":7,"species":4,"genera":4,"families":0,"top_genera":[["Glinus",3],["Gnetum",2],["Solanum",1],["Crassocephalum",1]],"top_species":[["Glinus oppositifolius",3],["Gnetum gnemon",2],["Solanum viridifolium",1],["Crassocephalum crepidioides",1]],"center":[-8.875,141.125]}},{"type":"Feature","geometry":{"type":"Polygon","coordinates":[[[145.75,-7.25],[146.0,-7.25],[146.0,-7.0],[145.75,-7.0],[145.75,-7.25]]]},"properties":{"records":7,"species":2,"genera":3,"families":0,"top_genera":[["Polygonum",4],["Centella",2],["Solanum",1]],"top_species":[["Centella asiatica",2],["Solanum opacum",1]],"center":[-7.125,145.875]}},{"type":"Feature","geometry":{"type":"Polygon","coordinates":[[[141.5,-7.25],[141.75,-7.25],[141.75,-7.0],[141.5,-7.0],[141.5,-7.25]]]},"properties":{"records":7,"species":1,"genera":1,"families":0,"top_genera":[["Nelumbo",7]],"top_species":[["Nelumbo nucifera",7]],"center":[-7.125,141.625]}},{"type":"Feature","geometry":{"type":"Polygon","coordinates":[[[151.0,-10.25],[151.25,-10.25],[151.25,-10.0],[151.0,-10.0],[151.0,-10.25]]]},"properties":{"records":7,"species":5,"genera":2,"families":0,"top_genera":[["Ficus",6],["Celosia",1]],"top_species":[["Ficus subtrinervia",2],["Ficus copiosa",2],["Celosia argentea",1],["Ficus ribes",1],["Ficus adenosperma",1]],"center":[-10.125,151.125]}},{"type":"Feature","geometry":{"type":"Polygon","coordinates":[[[144.5,-7.5],[144.75,-7.5],[144.75,-7.25],[144.5,-7.25],[144.5,-7.5]]]},"properties":{"records":7,"species":3,"genera":2,"families":0,"top_genera":[["Ficus",6],["Morinda",1]],"top_species":[["Ficus subulata",3],["Ficus variegata",3],["Morinda citrifolia",1]],"center":[-7.375,144.625]}},{"type":"Feature","geometry":{"type":"Polygon","coordinates":[[[145.75,-8.0],[146.0,-8.0],[146.0,-7.75],[145.75,-7.75],[145.75,-8.0]]]},"properties":{"records":7,"species":5,"genera":4,"families":0,"top_genera":[["Ficus",4],["Morinda",1],["Ludwigia",1],["Trichosanthes",1]],"top_species":[["Ficus calopilina",2],["Morinda citrifolia",1],["Ludwigia octovalvis",1],["Trichosanthes edulis",1],["Ficus trachypison",1]],"center":[-7.875,145.875]}},{"type":"Feature","geometry":{"type":"Polygon","coordinates":[[[144.25,-4.0],[144.5,-4.0],[144.5,-3.75],[144.25,-3.75],[144.25,-4.0]]]},"properties":{"records":7,"species":5,"genera":2,"families":0,"top_genera":[["Ficus",6],["Cissus",1]],"top_species":[["Ficus stellaris",1],["Ficus trachypison",1],["Ficus casearioides",1],["Cissus discolor",1],["Ficus pseudowassa",1]],"center":[-3.875,144.375]}},{"type":"Feature","geometry":{"type":"Polygon","coordinates":[[[143.75,-4.5],[144.0,-4.5],[144.0,-4.25],[143.75,-4.25],[143.75,-4.5]]]},"properties":{"records":7,"species":3,"genera":2,"families":0,"top_genera":[["Ficus",6],["Portulaca",1]],"top_species":[["Ficus botryocarpa",2],["Portulaca oleracea",1],["Ficus erythrosperma",1]],"center":[-4.375,143.875]}},{"type":"Feature","geometry":{"type":"Polygon","coordinates":[[[142.5,-8.0],[142.75,-8.0],[142.75,-7.75],[142.5,-7.75],[142.5,-8.0]]]},"properties":{"records":7,"species":7,"genera":7,"families":0,"top_genera":[["Colocasia",1],["Gnetum",1],["Ocimum",1],["Ricinus",1],["Momordica",1]],"top_species":[["Colocasia esculenta",1],["Gnetum gnemon",1],["Ocimum basilicum",1],["Ricinus communis",1],["Momordica cochinchinensis",1]],"center":[-7.875,142.625]}},{"type":"Feature","geometry":{"type":"Polygon","coordinates":[[[150.0,-8.5],[150.25,-8.5],[150.25,-8.25],[150.0,-8.25],[150.0,-8.5]]]},"properties":{"records":7,"species":3,"genera":2,"families":0,"top_genera":[["Ficus",6],["Hibiscus",1]],"top_species":[["Ficus microcarpa",4],["Ficus wassa",2],["Hibiscus rosa-sinensis",1]],"center":[-8.375,150.125]}},{"type":"Feature","geometry":{"type":"Polygon","coordinates":[[[148.5,-6.0],[148.75,-6.0],[148.75,-5.75],[148.5,-5.75],[148.5,-6.0]]]},"properties":{"records":7,"species":5,"genera":3,"families":0,"top_genera":[["Ficus",4],["Cucumis",2],["Curcuma",1]],"top_species":[["Cucumis sativus",2],["Ficus mollior",1],["Curcuma longa",1],["Ficus hispida",1],["Ficus pungens",1]],"center":[-5.875,148.625]}},{"type":"Feature","geometry":{"type":"Polygon","coordinates":[[[141.75,-3.5],[142.0,-3.5],[142.0,-3.25],[141.75,-3.25],[141.75,-3.5]]]},"properties":{"records":6,"species":2,"genera":3,"families":0,"top_genera":[["Ficus",3],["Crotalaria",2],["Hibiscus",1]],"top_species":[["Ficus variegata",3],["Crotalaria micans",2]],"center":[-3.375,141.875]}},{"type":"Feature","geometry":{"type":"Polygon","coordinates":[[[147.75,-5.75],[148.0,-5.75],[148.0,-5.5],[147.75,-5.5],[147.75,-5.75]]]},"properties":{"records":6,"species":2,"genera":3,"families":0,"top_genera":[["Polygonum",3],["Ficus",2],["Rorippa",1]],"top_species":[["Ficus subcongesta",1],["Rorippa indica",1]],"center":[-5.625,147.875]}},{"type":"Feature","geometry":{"type":"Polygon","coordinates":[[[147.5,-8.75],[147.75,-8.75],[147.75,-8.5],[147.5,-8.5],[147.5,-8.75]]]},"properties":{"records":6,"species":1,"genera":1,"families":0,"top_genera":[["Ficus",6]],"top_species":[["Ficus botryocarpa",3]],"center":[-8.625,147.625]}},{"type":"Feature","geometry":{"type":"Polygon","coordinates":[[[150.25,-5.0],[150.5,-5.0],[150.5,-4.75],[150.25,-4.75],[150.25,-5.0]]]},"properties":{"records":6,"species":3,"genera":2,"families":0,"top_genera":[["Centella",4],["Canavalia",2]],"top_species":[["Centella asiatica",4],["Canavalia cathartica",1],["Canavalia rosea",1]],"center":[-4.875,150.375]}},{"type":"Feature","geometry":{"type":"Polygon","coordinates":[[[145.5,-6.5],[145.75,-6.5],[145.75,-6.25],[145.5,-6.25],[145.5,-6.5]]]},"properties":{"records":6,"species":3,"genera":3,"families":0,"top_genera":[["Ficus",3],["Passiflora",2],["Trichosanthes",1]],"top_species":[["Passiflora aurantia",2],["Ficus oxymitroides",1],["Trichosanthes laeoica",1]],"center":[-6.375,145.625]}},{"type":"Feature","geometry":{"type":"Polygon","coordinates":[[[147.75,-10.0],[148.0,-10.0],[148.0,-9.75],[147.75,-9.75],[147.75,-10.0]]]},"properties":{"records":6,"species":5,"genera":4,"families":0,"top_genera":[["Solanum",3],["Passiflora",1],["Hibiscus",1],["Cassia",1]],"top_species":[["Solanum erianthum",2],["Passiflora foetida",1],["Solanum fervens",1],["Hibiscus rosa-sinensis",1],["Cassia javanica",1]],"center":[-9.875,147.875]}},{"type":"Feature","geometry":{"type":"Polygon","coordinates":[[[155.25,-6.5],[155.5,-6.5],[155.5,-6.25],[155.25,-6.25],[155.25,-6.5]]]},"properties":{"records":6,"species":3,"genera":4,"families":0,"top_genera":[["Crotalaria",2],["Polygonum",2],["Setaria",1],["Mimosa",1]],"top_species":[["Crotalaria micans",2],["Setaria palmifolia",1],["Mimosa pudica",1]],"center":[-6.375,155.375]}},{"type":"Feature","geometry":{"type":"Polygon","coordinates":[[[141.25,-5.25],[141.5,-5.25],[141.5,-5.0],[141.25,-5.0],[141.25,-5.25]]]},"properties":{"records":6,"species":4,"genera":4,"families":0,"top_genera":[["Polygonum",2],["Crotalaria",2],["Bidens",1],["Amaranthus",1]],"top_species":[["Bidens pilosa",1],["Crotalaria beddomeana",1],["Crotalaria goreensis",1],["Amaranthus cruentus",1]],"center":[-5.125,141.375]}},{"type":"Feature","geometry":{"type":"Polygon","coordinates":[[[154.5,-5.25],[154.75,-5.25],[154.75,-5.0],[154.5,-5.0],[154.5,-5.25]]]},"properties":{"records":6,"species":3,"genera":3,"families":0,"top_genera":[["Ficus",2],["Amaranthus",2],["Solanum",2]],"top_species":[["Ficus wassa",2],["Amaranthus hybridus",2],["Solanum americanum",2]],"center":[-5.125,154.625]}},{"type":"Feature","geometry":{"type":"Polygon","coordinates":[[[147.25,-9.0],[147.5,-9.0],[147.5,-8.75],[147.25,-8.75],[147.25,-9.0]]]},"properties":{"records":6,"species":5,"genera":5,"families":0,"top_genera":[["Urena",2],["Physalis",1],["Clitoria",1],["Crotalaria",1],["Momordica",1]],"top_species":[["Urena lobata",2],["Physalis angulata",1],["Clitoria ternatea",1],["Crotalaria pallida",1],["Momordica cochinchinensis",1]],"center":[-8.875,147.375]}},{"type":"Feature","geometry":{"type":"Polygon","coordinates":[[[145.75,-7.5],[146.0,-7.5],[146.0,-7.25],[145.75,-7.25],[145.75,-7.5]]]},"properties":{"records":6,"species":2,"genera":3,"families":0,"top_genera":[["Ficus",4],["Abelmoschus",1],["Albizia",1]],"top_species":[["Abelmoschus manihot",1],["Albizia papuensis",1]],"center":[-7.375,145.875]}},{"type":"Feature","geometry":{"type":"Polygon","coordinates":[[[147.5,-6.75],[147.75,-6.75],[147.75,-6.5],[147.5,-6.5],[147.5,-6.75]]]},"properties":{"records":6,"species":3,"genera":3,"families":0,"top_genera":[["Ficus",4],["Solanum",1],["Vigna",1]],"top_species":[["Ficus comitis",2],["Solanum torvum",1],["Vigna marina",1]],"center":[-6.625,147.625]}},{"type":"Feature","geometry":{"type":"Polygon","coordinates":[[[154.75,-6.0],[155.0,-6.0],[155.0,-5.75],[154.75,-5.75],[154.75,-6.0]]]},"properties":{"records":6,"species":4,"genera":4,"families":0,"top_genera":[["Ipomoea",3],["Senna",1],["Gnetum",1],["Cissus",1]],"top_species":[["Ipomoea batatas",3],["Senna alata",1],["Gnetum gnemon",1],["Cissus aristata",1]],"center":[-5.875,154.875]}},{"type":"Feature","geometry":{"type":"Polygon","coordinates":[[[153.0,-11.5],[153.25,-11.5],[153.25,-11.25],[153.0,-11.25],[153.0,-11.5]]]},"properties":{"records":6,"species":2,"genera":2,"families":0,"top_genera":[["Ocimum",4],["Gnetum",2]],"top_species":[["Gnetum gnemon",2],["Ocimum basilicum",2]],"center":[-11.375,153.125]}},{"type":"Feature","geometry":{"type":"Polygon","coordinates":[[[148.0,-8.25],[148.25,-8.25],[148.25,-8.0],[148.0,-8.0],[148.0,-8.25]]]},"properties":{"records":6,"species":4,"genera":3,"families":0,"top_genera":[["Ficus",4],["Stenochlaena",1],["Solanum",1]],"top_species":[["Stenochlaena palustris",1],["Ficus microdictya",1],["Ficus wassa",1],["Solanum incanoalabastrum",1]],"center":[-8.125,148.125]}},{"type":"Feature","geometry":{"type":"Polygon","coordinates":[[[143.75,-3.75],[144.0,-3.75],[144.0,-3.5],[143.75,-3.5],[143.75,-3.75]]]},"properties":{"records":6,"species":1,"genera":1,"families":0,"top_genera":[["Ficus",6]],"top_species":[["Ficus hesperidiiformis",6]],"center":[-3.625,143.875]}},{"type":"Feature","geometry":{"type":"Polygon","coordinates":[[[151.5,-5.75],[151.75,-5.75],[151.75,-5.5],[151.5,-5.5],[151.5,-5.75]]]},"properties":{"records":6,"species":4,"genera":3,"families":0,"top_genera":[["Ficus",3],["Colocasia",2],["Solanum",1]],"top_species":[["Colocasia esculenta",2],["Ficus austrina",1],["Ficus subtrinervia",1],["Solanum torvum",1]],"center":[-5.625,151.625]}},{"type":"Feature","geometry":{"type":"Polygon","coordinates":[[[141.25,-9.25],[141.5,-9.25],[141.5,-9.0],[141.25,-9.0],[141.25,-9.25]]]},"properties":{"records":6,"species":5,"genera":3,"families":0,"top_genera":[["Ficus",4],["Solanum",1],["Mucuna",1]],"top_species":[["Ficus virens",2],["Solanum viridifolium",1],["Ficus prasinicarpa",1],["Mucuna gigantea",1],["Ficus drupacea",1]],"center":[-9.125,141.375]}},{"type":"Feature","geometry":{"type":"Polygon","coordinates":[[[141.0,-8.25],[141.25,-8.25],[141.25,-8.0],[141.0,-8.0],[141.0,-8.25]]]},"properties":{"records":6,"species":2,"genera":2,"families":0,"top_genera":[["Ipomoea",4],["Cissus",2]],"top_species":[["Ipomoea asterophora",3],["Cissus discolor",2]],"center":[-8.125,141.125]}},{"type":"Feature","geometry":{"type":"Polygon","coordinates":[[[149.75,-10.5],[150.0,-10.5],[150.0,-10.25],[149.75,-10.25],[149.75,-10.5]]]},"properties":{"records":6,"species":1,"genera":2,"families":0,"top_genera":[["Crotalaria",4],["Amaranthus",2]],"top_species":[["Amaranthus undulatus",2]],"center":[-10.375,149.875]}},{"type":"Feature","geometry":{"type":"Polygon","coordinates":[[[147.25,-5.75],[147.5,-5.75],[147.5,-5.5],[147.25,-5.5],[147.25,-5.75]]]},"properties":{"records":6,"species":1,"genera":1,"families":0,"top_genera":[["Ficus",6]],"top_species":[["Ficus benjamina",4]],"center":[-5.625,147.375]}},{"type":"Feature","geometry":{"type":"Polygon","coordinates":[[[149.0,-6.0],[149.25,-6.0],[149.25,-5.75],[149.0,-5.75],[149.0,-6.0]]]},"properties":{"records":6,"species":2,"genera":3,"families":0,"top_genera":[["Ficus",4],["Mucuna",1],["Hibiscus",1]],"top_species":[["Ficus trichocerasa",4],["Mucuna warburgii",1]],"center":[-5.875,149.125]}},{"type":"Feature","geometry":{"type":"Polygon","coordinates":[[[150.75,-9.25],[151.0,-9.25],[151.0,-9.0],[150.75,-9.0],[150.75,-9.25]]]},"properties":{"records":6,"species":4,"genera":2,"families":0,"top_genera":[["Ficus",5],["Morinda",1]],"top_species":[["Ficus stellaris",2],["Ficus trachypison",2],["Morinda citrifolia",1],["Ficus septica",1]],"center":[-9.125,150.875]}},{"type":"Feature","geometry":{"type":"Polygon","coordinates":[[[149.25,-9.0],[149.5,-9.0],[149.5,-8.75],[149.25,-8.75],[149.25,-9.0]]]},"properties":{"records":6,"species":2,"genera":2,"families":0,"top_genera":[["Albizia",5],["Ocimum",1]],"top_species":[["Albizia procera",4],["Ocimum americanum",1]],"center":[-8.875,149.375]}},{"type":"Feature","geometry":{"type":"Polygon","coordinates":[[[151.5,-10.75],[151.75,-10.75],[151.75,-10.5],[151.5,-10.5],[151.5,-10.75]]]},"properties":{"records":6,"species":4,"genera":3,"families":0,"top_genera":[["Ipomoea",3],["Morinda",2],["Leucaena",1]],"top_species":[["Ipomoea pes-caprae",2],["Morinda citrifolia",2],["Leucaena leucocephala",1],["Ipomoea violacea",1]],"center":[-10.625,151.625]}},{"type":"Feature","geometry":{"type":"Polygon","coordinates":[[[148.75,-9.25],[149.0,-9.25],[149.0,-9.0],[148.75,-9.0],[148.75,-9.25]]]},"properties":{"records":6,"species":2,"genera":1,"families":0,"top_genera":[["Ficus",6]],"top_species":[["Ficus gul",2],["Ficus funiculosa",1]],"center":[-9.125,148.875]}},{"type":"Feature","geometry":{"type":"Polygon","coordinates":[[[144.5,-4.75],[144.75,-4.75],[144.75,-4.5],[144.5,-4.5],[144.5,-4.75]]]},"properties":{"records":6,"species":5,"genera":3,"families":0,"top_genera":[["Ficus",4],["Crotalaria",1],["Macroptilium",1]],"top_species":[["Ficus pungens",2],["Crotalaria pallida",1],["Ficus copiosa",1],["Ficus comitis",1],["Macroptilium atropurpureum",1]],"center":[-4.625,144.625]}},{"type":"Feature","geometry":{"type":"Polygon","coordinates":[[[146.75,-8.25],[147.0,-8.25],[147.0,-8.0],[146.75,-8.0],[146.75,-8.25]]]},"properties":{"records":5,"species":2,"genera":3,"families":0,"top_genera":[["Bidens",2],["Crassocephalum",2],["Mucuna",1]],"top_species":[["Bidens pilosa",2],["Crassocephalum crepidioides",2]],"center":[-8.125,146.875]}},{"type":"Feature","geometry":{"type":"Polygon","coordinates":[[[142.75,-5.75],[143.0,-5.75],[143.0,-5.5],[142.75,-5.5],[142.75,-5.75]]]},"properties":{"records":5,"species":3,"genera":3,"families":0,"top_genera":[["Solanum",3],["Oenanthe",1],["Ficus",1]],"top_species":[["Solanum nolense",3],["Oenanthe javanica",1],["Ficus erythrosperma",1]],"center":[-5.625,142.875]}},{"type":"Feature","geometry":{"type":"Polygon","coordinates":[[[147.0,-2.0],[147.25,-2.0],[147.25,-1.75],[147.0,-1.75],[147.0,-2.0]]]},"properties":{"records":5,"species":2,"genera":2,"families":0,"top_genera":[["Ficus",4],["Hibiscus",1]],"top_species":[["Ficus crassiramea",3],["Hibiscus schizopetalus",1]],"center":[-1.875,147.125]}},{"type":"Feature","geometry":{"type":"Polygon","coordinates":[[[149.5,-5.75],[149.75,-5.75],[149.75,-5.5],[149.5,-5.5],[149.5,-5.75]]]},"properties":{"records":5,"species":1,"genera":1,"families":0,"top_genera":[["Ficus",5]],"top_species":[["Ficus crassiramea",4]],"center":[-5.625,149.625]}},{"type":"Feature","geometry":{"type":"Polygon","coordinates":[[[141.5,-9.0],[141.75,-9.0],[141.75,-8.75],[141.5,-8.75],[141.5,-9.0]]]},"properties":{"records":5,"species":1,"genera":1,"families":0,"top_genera":[["Ficus",5]],"top_species":[["Ficus drupacea",5]],"center":[-8.875,141.625]}},{"type":"Feature","geometry":{"type":"Polygon","coordinates":[[[144.5,-4.5],[144.75,-4.5],[144.75,-4.25],[144.5,-4.25],[144.5,-4.5]]]},"properties":{"records":5,"species":4,"genera":3,"families":0,"top_genera":[["Solanum",2],["Mucuna",2],["Ficus",1]],"top_species":[["Solanum torvum",1],["Mucuna mollissima",1],["Ficus hesperidiiformis",1],["Solanum oomsis",1]],"center":[-4.375,144.625]}},{"type":"Feature","geometry":{"type":"Polygon","coordinates":[[[141.0,-4.0],[141.25,-4.0],[141.25,-3.75],[141.0,-3.75],[141.0,-4.0]]]},"properties":{"records":5,"species":3,"genera":4,"families":0,"top_genera":[["Peperomia",2],["Hibiscus",1],["Urena",1],["Crotalaria",1]],"top_species":[["Peperomia pellucida",2],["Urena lobata",1],["Crotalaria goreensis",1]],"center":[-3.875,141.125]}},{"type":"Feature","geometry":{"type":"Polygon","coordinates":[[[151.5,-4.75],[151.75,-4.75],[151.75,-4.5],[151.5,-4.5],[151.5,-4.75]]]},"properties":{"records":5,"species":1,"genera":1,"families":0,"top_genera":[["Ficus",5]],"top_species":[["Ficus adenosperma",5]],"center":[-4.625,151.625]}},{"type":"Feature","geometry":{"type":"Polygon","coordinates":[[[143.25,-6.0],[143.5,-6.0],[143.5,-5.75],[143.25,-5.75],[143.25,-6.0]]]},"properties":{"records":5,"species":2,"genera":2,"families":0,"top_genera":[["Solanum",3],["Oenanthe",2]],"top_species":[["Solanum aviculare",3],["Oenanthe javanica",2]],"center":[-5.875,143.375]}},{"type":"Feature","geometry":{"type":"Polygon","coordinates":[[[151.0,-10.0],[151.25,-10.0],[151.25,-9.75],[151.0,-9.75],[151.0,-10.0]]]},"properties":{"records":5,"species":4,"genera":3,"families":0,"top_genera":[["Ficus",3],["Crotalaria",1],["Trichosanthes",1]],"top_species":[["Ficus copiosa",2],["Crotalaria quinquefolia",1],["Ficus hystricicarpa",1],["Trichosanthes pilosa",1]],"center":[-9.875,151.125]}},{"type":"Feature","geometry":{"type":"Polygon","coordinates":[[[150.5,-9.5],[150.75,-9.5],[150.75,-9.25],[150.5,-9.25],[150.5,-9.5]]]},"properties":{"records":5,"species":5,"genera":5,"families":0,"top_genera":[["Luffa",1],["Momordica",1],["Mucuna",1],["Ficus",1],["Stenochlaena",1]],"top_species":[["Luffa aegyptiaca",1],["Momordica charantia",1],["Mucuna platyphylla",1],["Ficus adenosperma",1],["Stenochlaena palustris",1]],"center":[-9.375,150.625]}},{"type":"Feature","geometry":{"type":"Polygon","coordinates":[[[152.5,-9.25],[152.75,-9.25],[152.75,-9.0],[152.5,-9.0],[152.5,-9.25]]]},"properties":{"records":5,"species":4,"genera":3,"families":0,"top_genera":[["Ficus",3],["Cissus",1],["Crotalaria",1]],"top_species":[["Ficus adenosperma",2],["Cissus discolor",1],["Ficus hombroniana",1],["Crotalaria quinquefolia",1]],"center":[-9.125,152.625]}},{"type":"Feature","geometry":{"type":"Polygon","coordinates":[[[141.0,-9.25],[141.25,-9.25],[141.25,-9.0],[141.0,-9.0],[141.0,-9.25]]]},"properties":{"records":5,"species":3,"genera":3,"families":0,"top_genera":[["Ceratopteris",2],["Ficus",2],["Luffa",1]],"top_species":[["Ceratopteris thalictroides",2],["Luffa aegyptiaca",1],["Ficus opposita",1]],"center":[-9.125,141.125]}},{"type":"Feature","geometry":{"type":"Polygon","coordinates":[[[141.0,-6.0],[141.25,-6.0],[141.25,-5.75],[141.0,-5.75],[141.0,-6.0]]]},"properties":{"records":5,"species":2,"genera":4,"families":0,"top_genera":[["Hibiscus",2],["Passiflora",1],["Polygonum",1],["Nelumbo",1]],"top_species":[["Passiflora foetida",1],["Nelumbo nucifera",1]],"center":[-5.875,141.125]}},{"type":"Feature","geometry":{"type":"Polygon","coordinates":[[[144.25,-5.75],[144.5,-5.75],[144.5,-5.5],[144.25,-5.5],[144.25,-5.75]]]},"properties":{"records":5,"species":2,"genera":3,"families":0,"top_genera":[["Solanum",3],["Ficus",1],["Vernonia",1]],"top_species":[["Solanum incanoalabastrum",1],["Ficus adenosperma",1]],"center":[-5.625,144.375]}},{"type":"Feature","geometry":{"type":"Polygon","coordinates":[[[141.0,-3.0],[141.25,-3.0],[141.25,-2.75],[141.0,-2.75],[141.0,-3.0]]]},"properties":{"records":5,"species":1,"genera":1,"families":0,"top_genera":[["Ficus",5]],"top_species":[["Ficus bernaysii",4]],"center":[-2.875,141.125]}},{"type":"Feature","geometry":{"type":"Polygon","coordinates":[[[142.0,-5.75],[142.25,-5.75],[142.25,-5.5],[142.0,-5.5],[142.0,-5.75]]]},"properties":{"records":5,"species":2,"genera":3,"families":0,"top_genera":[["Solanum",3],["Vigna",1],["Canavalia",1]],"top_species":[["Solanum torvum",3],["Canavalia cathartica",1]],"center":[-5.625,142.125]}},{"type":"Feature","geometry":{"type":"Polygon","coordinates":[[[150.0,-5.75],[150.25,-5.75],[150.25,-5.5],[150.0,-5.5],[150.0,-5.75]]]},"properties":{"records":5,"species":3,"genera":3,"families":0,"top_genera":[["Solanum",3],["Crotalaria",1],["Leucaena",1]],"top_species":[["Solanum torvum",3],["Crotalaria incana",1],["Leucaena leucocephala",1]],"center":[-5.625,150.125]}},{"type":"Feature","geometry":{"type":"Polygon","coordinates":[[[143.25,-9.25],[143.5,-9.25],[143.5,-9.0],[143.25,-9.0],[143.25,-9.25]]]},"properties":{"records":5,"species":4,"genera":4,"families":0,"top_genera":[["Portulaca",2],["Alternanthera",1],["Corchorus",1],["Pueraria",1]],"top_species":[["Portulaca oleracea",2],["Alternanthera sessilis",1],["Corchorus aestuans",1],["Pueraria montana",1]],"center":[-9.125,143.375]}},{"type":"Feature","geometry":{"type":"Polygon","coordinates":[[[149.25,-6.0],[149.5,-6.0],[149.5,-5.75],[149.25,-5.75],[149.25,-6.0]]]},"properties":{"records":5,"species":2,"genera":1,"families":0,"top_genera":[["Ficus",5]],"top_species":[["Ficus disticha",3],["Ficus wassa",1]],"center":[-5.875,149.375]}},{"type":"Feature","geometry":{"type":"Polygon","coordinates":[[[145.0,-7.25],[145.25,-7.25],[145.25,-7.0],[145.0,-7.0],[145.0,-7.25]]]},"properties":{"records":5,"species":4,"genera":2,"families":0,"top_genera":[["Ficus",4],["Hibiscus",1]],"top_species":[["Ficus itoana",1],["Ficus mollior",1],["Ficus congesta",1],["Ficus subtrinervia",1]],"center":[-7.125,145.125]}},{"type":"Feature","geometry":{"type":"Polygon","coordinates":[[[145.5,-8.0],[145.75,-8.0],[145.75,-7.75],[145.5,-7.75],[145.5,-8.0]]]},"properties":{"records":5,"species":3,"genera":3,"families":0,"top_genera":[["Ficus",2],["Vigna",2],["Solanum",1]],"top_species":[["Ficus cumingii",2],["Vigna marina",2],["Solanum torvum",1]],"center":[-7.875,145.625]}},{"type":"Feature","geometry":{"type":"Polygon","coordinates":[[[141.25,-6.0],[141.5,-6.0],[141.5,-5.75],[141.25,-5.75],[141.25,-6.0]]]},"properties":{"records":5,"species":3,"genera":2,"families":0,"top_genera":[["Senna",3],["Mimosa",2]],"top_species":[["Senna alata",3],["Mimosa diplotricha",1],["Mimosa pudica",1]],"center":[-5.875,141.375]}},{"type":"Feature","geometry":{"type":"Polygon","coordinates":[[[150.5,-10.25],[150.75,-10.25],[150.75,-10.0],[150.5,-10.0],[150.5,-10.25]]]},"properties":{"records":5,"species":3,"genera":2,"families":0,"top_genera":[["Crotalaria",3],["Ficus",2]],"top_species":[["Crotalaria montana",2],["Ficus adenosperma",2],["Crotalaria quinquefolia",1]],"center":[-10.125,150.625]}},{"type":"Feature","geometry":{"type":"Polygon","coordinates":[[[140.75,-6.75],[141.0,-6.75],[141.0,-6.5],[140.75,-6.5],[140.75,-6.75]]]},"properties":{"records":5,"species":5,"genera":4,"families":0,"top_genera":[["Ficus",2],["Cissus",1],["Ipomoea",1],["Solanum",1]],"top_species":[["Cissus repens",1],["Ficus microcarpa",1],["Ipomoea graminea",1],["Solanum viridifolium",1],["Ficus drupacea",1]],"center":[-6.625,140.875]}},{"type":"Feature","geometry":{"type":"Polygon","coordinates":[[[141.75,-7.25],[142.0,-7.25],[142.0,-7.0],[141.75,-7.0],[141.75,-7.25]]]},"properties":{"records":5,"species":3,"genera":2,"families":0,"top_genera":[["Ficus",4],["Stenochlaena",1]],"top_species":[["Ficus variegata",3],["Stenochlaena palustris",1],["Ficus racemifera",1]],"center":[-7.125,141.875]}},{"type":"Feature","geometry":{"type":"Polygon","coordinates":[[[147.0,-5.75],[147.25,-5.75],[147.25,-5.5],[147.0,-5.5],[147.0,-5.75]]]},"properties":{"records":5,"species":4,"genera":3,"families":0,"top_genera":[["Ficus",3],["Morinda",1],["Solanum",1]],"top_species":[["Ficus wassa",1],["Morinda citrifolia",1],["Solanum torricellense",1],["Ficus gul",1]],"center":[-5.625,147.125]}},{"type":"Feature","geometry":{"type":"Polygon","coordinates":[[[154.75,-5.5],[155.0,-5.5],[155.0,-5.25],[154.75,-5.25],[154.75,-5.5]]]},"properties":{"records":5,"species":3,"genera":3,"families":0,"top_genera":[["Urena",2],["Vigna",2],["Ipomoea",1]],"top_species":[["Urena lobata",2],["Vigna radiata",2],["Ipomoea indica",1]],"center":[-5.375,154.875]}},{"type":"Feature","geometry":{"type":"Polygon","coordinates":[[[142.75,-3.75],[143.0,-3.75],[143.0,-3.5],[142.75,-3.5],[142.75,-3.75]]]},"properties":{"records":5,"species":2,"genera":2,"families":0,"top_genera":[["Diplazium",3],["Celosia",2]],"top_species":[["Diplazium proliferum",3],["Celosia argentea",2]],"center":[-3.625,142.875]}},{"type":"Feature","geometry":{"type":"Polygon","coordinates":[[[145.0,-5.0],[145.25,-5.0],[145.25,-4.75],[145.0,-4.75],[145.0,-5.0]]]},"properties":{"records":5,"species":5,"genera":3,"families":0,"top_genera":[["Ficus",3],["Cissus",1],["Glycine",1]],"top_species":[["Ficus subulata",1],["Ficus primaria",1],["Cissus discolor",1],["Ficus pachyrrhachis",1],["Glycine tomentella",1]],"center":[-4.875,145.125]}},{"type":"Feature","geometry":{"type":"Polygon","coordinates":[[[149.5,-5.5],[149.75,-5.5],[149.75,-5.25],[149.5,-5.25],[149.5,-5.5]]]},"properties":{"records":5,"species":2,"genera":1,"families":0,"top_genera":[["Ficus",5]],"top_species":[["Ficus obliqua",2],["Ficus elastica",2]],"center":[-5.375,149.625]}},{"type":"Feature","geometry":{"type":"Polygon","coordinates":[[[151.5,-4.25],[151.75,-4.25],[151.75,-4.0],[151.5,-4.0],[151.5,-4.25]]]},"properties":{"records":5,"species":0,"genera":1,"families":0,"top_genera":[["Ficus",5]],"top_species":[],"center":[-4.125,151.625]}},{"type":"Feature","geometry":{"type":"Polygon","coordinates":[[[144.25,-4.5],[144.5,-4.5],[144.5,-4.25],[144.25,-4.25],[144.25,-4.5]]]},"properties":{"records":5,"species":3,"genera":3,"families":0,"top_genera":[["Ipomoea",2],["Cosmos",2],["Canavalia",1]],"top_species":[["Ipomoea hederifolia",2],["Cosmos caudatus",2],["Canavalia rosea",1]],"center":[-4.375,144.375]}},{"type":"Feature","geometry":{"type":"Polygon","coordinates":[[[150.25,-1.25],[150.5,-1.25],[150.5,-1.0],[150.25,-1.0],[150.25,-1.25]]]},"properties":{"records":5,"species":5,"genera":5,"families":0,"top_genera":[["Benincasa",1],["Mucuna",1],["Cucumis",1],["Crassocephalum",1],["Cissus",1]],"top_species":[["Benincasa hispida",1],["Mucuna platyphylla",1],["Cucumis melo",1],["Crassocephalum crepidioides",1],["Cissus conchigera",1]],"center":[-1.125,150.375]}},{"type":"Feature","geometry":{"type":"Polygon","coordinates":[[[143.5,-6.5],[143.75,-6.5],[143.75,-6.25],[143.5,-6.25],[143.5,-6.5]]]},"properties":{"records":4,"species":3,"genera":2,"families":0,"top_genera":[["Ficus",3],["Solanum",1]],"top_species":[["Solanum papuanum",1],["Ficus erythrosperma",1],["Ficus itoana",1]],"center":[-6.375,143.625]}},{"type":"Feature","geometry":{"type":"Polygon","coordinates":[[[144.0,-6.5],[144.25,-6.5],[144.25,-6.25],[144.0,-6.25],[144.0,-6.5]]]},"properties":{"records":4,"species":4,"genera":3,"families":0,"top_genera":[["Solanum",2],["Bidens",1],["Cissus",1]],"top_species":[["Bidens pilosa",1],["Solanum incanoalabastrum",1],["Solanum erianthum",1],["Cissus conchigera",1]],"center":[-6.375,144.125]}},{"type":"Feature","geometry":{"type":"Polygon","coordinates":[[[149.5,-10.5],[149.75,-10.5],[149.75,-10.25],[149.5,-10.25],[149.5,-10.5]]]},"properties":{"records":4,"species":4,"genera":3,"families":0,"top_genera":[["Ficus",2],["Solanum",1],["Celosia",1]],"top_species":[["Ficus subulata",1],["Solanum lasiocarpum",1],["Ficus adenosperma",1],["Celosia argentea",1]],"center":[-10.375,149.625]}},{"type":"Feature","geometry":{"type":"Polygon","coordinates":[[[144.0,-7.5],[144.25,-7.5],[144.25,-7.25],[144.0,-7.25],[144.0,-7.5]]]},"properties":{"records":4,"species":2,"genera":3,"families":0,"top_genera":[["Cucurbita",2],["Ipomoea",1],["Physalis",1]],"top_species":[["Ipomoea tiliacea",1],["Physalis angulata",1]],"center":[-7.375,144.125]}},{"type":"Feature","geometry":{"type":"Polygon","coordinates":[[[151.0,-11.25],[151.25,-11.25],[151.25,-11.0],[151.0,-11.0],[151.0,-11.25]]]},"properties":{"records":4,"species":3,"genera":3,"families":0,"top_genera":[["Crotalaria",2],["Morinda",1],["Ficus",1]],"top_species":[["Crotalaria retusa",2],["Morinda citrifolia",1],["Ficus ribes",1]],"center":[-11.125,151.125]}},{"type":"Feature","geometry":{"type":"Polygon","coordinates":[[[150.75,-8.75],[151.0,-8.75],[151.0,-8.5],[150.75,-8.5],[150.75,-8.75]]]},"properties":{"records":4,"species":3,"genera":2,"families":0,"top_genera":[["Passiflora",3],["Portulaca",1]],"top_species":[["Passiflora foetida",2],["Portulaca oleracea",1],["Passiflora aurantia",1]],"center":[-8.625,150.875]}},{"type":"Feature","geometry":{"type":"Polygon","coordinates":[[[143.0,-4.5],[143.25,-4.5],[143.25,-4.25],[143.0,-4.25],[143.0,-4.5]]]},"properties":{"records":4,"species":2,"genera":2,"families":0,"top_genera":[["Hibiscus",3],["Ludwigia",1]],"top_species":[["Hibiscus rosa-sinensis",1],["Ludwigia octovalvis",1]],"center":[-4.375,143.125]}},{"type":"Feature","geometry":{"type":"Polygon","coordinates":[[[150.0,-6.25],[150.25,-6.25],[150.25,-6.0],[150.0,-6.0],[150.0,-6.25]]]},"properties":{"records":4,"species":2,"genera":4,"families":0,"top_genera":[["Cissus",1],["Ipomoea",1],["Ficus",1],["Morinda",1]],"top_species":[["Ipomoea pes-tigridis",1],["Morinda citrifolia",1]],"center":[-6.125,150.125]}},{"type":"Feature","geometry":{"type":"Polygon","coordinates":[[[142.25,-6.25],[142.5,-6.25],[142.5,-6.0],[142.25,-6.0],[142.25,-6.25]]]},"properties":{"records":4,"species":2,"genera":2,"families":0,"top_genera":[["Ficus",2],["Cissus",2]],"top_species":[["Cissus discolor",1],["Ficus gracillima",1]],"center":[-6.125,142.375]}},{"type":"Feature","geometry":{"type":"Polygon","coordinates":[[[141.25,-5.5],[141.5,-5.5],[141.5,-5.25],[141.25,-5.25],[141.25,-5.5]]]},"properties":{"records":4,"species":2,"genera":3,"families":0,"top_genera":[["Vernonia",2],["Ludwigia",1],["Ficus",1]],"top_species":[["Ludwigia octovalvis",1],["Ficus hesperidiiformis",1]],"center":[-5.375,141.375]}},{"type":"Feature","geometry":{"type":"Polygon","coordinates":[[[149.5,-1.5],[149.75,-1.5],[149.75,-1.25],[149.5,-1.25],[149.5,-1.5]]]},"properties":{"records":4,"species":3,"genera":3,"families":0,"top_genera":[["Cissus",2],["Vigna",1],["Clerodendrum",1]],"top_species":[["Cissus aristata",2],["Vigna marina",1],["Clerodendrum paniculatum",1]],"center":[-1.375,149.625]}},{"type":"Feature","geometry":{"type":"Polygon","coordinates":[[[143.25,-3.5],[143.5,-3.5],[143.5,-3.25],[143.25,-3.25],[143.25,-3.5]]]},"properties":{"records":4,"species":3,"genera":3,"families":0,"top_genera":[["Vigna",2],["Momordica",1],["Canavalia",1]],"top_species":[["Vigna marina",2],["Momordica charantia",1],["Canavalia rosea",1]],"center":[-3.375,143.375]}},{"type":"Feature","geometry":{"type":"Polygon","coordinates":[[[145.5,-7.75],[145.75,-7.75],[145.75,-7.5],[145.5,-7.5],[145.5,-7.75]]]},"properties":{"records":4,"species":1,"genera":1,"families":0,"top_genera":[["Ficus",4]],"top_species":[["Ficus erythrosperma",2]],"center":[-7.625,145.625]}},{"type":"Feature","geometry":{"type":"Polygon","coordinates":[[[144.0,-4.0],[144.25,-4.0],[144.25,-3.75],[144.0,-3.75],[144.0,-4.0]]]},"properties":{"records":4,"species":3,"genera":3,"families":0,"top_genera":[["Ficus",2],["Vigna",1],["Glycine",1]],"top_species":[["Ficus ribes",2],["Vigna radiata",1],["Glycine tomentella",1]],"center":[-3.875,144.125]}},{"type":"Feature","geometry":{"type":"Polygon","coordinates":[[[142.25,-5.25],[142.5,-5.25],[142.5,-5.0],[142.25,-5.0],[142.25,-5.25]]]},"properties":{"records":4,"species":1,"genera":1,"families":0,"top_genera":[["Ficus",4]],"top_species":[["Ficus hesperidiiformis",4]],"center":[-5.125,142.375]}},{"type":"Feature","geometry":{"type":"Polygon","coordinates":[[[148.25,-10.0],[148.5,-10.0],[148.5,-9.75],[148.25,-9.75],[148.25,-10.0]]]},"properties":{"records":4,"species":4,"genera":4,"families":0,"top_genera":[["Ficus",1],["Mucuna",1],["Trichosanthes",1],["Cissus",1]],"top_species":[["Ficus benjamina",1],["Mucuna bennettii",1],["Trichosanthes dentifera",1],["Cissus repens",1]],"center":[-9.875,148.375]}},{"type":"Feature","geometry":{"type":"Polygon","coordinates":[[[144.5,-7.0],[144.75,-7.0],[144.75,-6.75],[144.5,-6.75],[144.5,-7.0]]]},"properties":{"records":4,"species":0,"genera":2,"families":0,"top_genera":[["Polygonum",3],["Abelmoschus",1]],"top_species":[],"center":[-6.875,144.625]}},{"type":"Feature","geometry":{"type":"Polygon","coordinates":[[[142.0,-4.75],[142.25,-4.75],[142.25,-4.5],[142.0,-4.5],[142.0,-4.75]]]},"properties":{"records":4,"species":2,"genera":2,"families":0,"top_genera":[["Mucuna",3],["Solanum",1]],"top_species":[["Mucuna lamii",3],["Solanum lasiocarpum",1]],"center":[-4.625,142.125]}},{"type":"Feature","geometry":{"type":"Polygon","coordinates":[[[141.0,-6.5],[141.25,-6.5],[141.25,-6.25],[141.0,-6.25],[141.0,-6.5]]]},"properties":{"records":4,"species":1,"genera":1,"families":0,"top_genera":[["Ficus",4]],"top_species":[["Ficus hombroniana",4]],"center":[-6.375,141.125]}},{"type":"Feature","geometry":{"type":"Polygon","coordinates":[[[146.25,-2.25],[146.5,-2.25],[146.5,-2.0],[146.25,-2.0],[146.25,-2.25]]]},"properties":{"records":4,"species":1,"genera":1,"families":0,"top_genera":[["Ficus",4]],"top_species":[["Ficus septica",4]],"center":[-2.125,146.375]}},{"type":"Feature","geometry":{"type":"Polygon","coordinates":[[[142.25,-4.25],[142.5,-4.25],[142.5,-4.0],[142.25,-4.0],[142.25,-4.25]]]},"properties":{"records":4,"species":2,"genera":2,"families":0,"top_genera":[["Cassia",2],["Morinda",2]],"top_species":[["Cassia grandis",2],["Morinda citrifolia",2]],"center":[-4.125,142.375]}},{"type":"Feature","geometry":{"type":"Polygon","coordinates":[[[146.25,-8.5],[146.5,-8.5],[146.5,-8.25],[146.25,-8.25],[146.25,-8.5]]]},"properties":{"records":4,"species":2,"genera":1,"families":0,"top_genera":[["Ficus",4]],"top_species":[["Ficus hesperidiiformis",1],["Ficus subtrinervia",1]],"center":[-8.375,146.375]}},{"type":"Feature","geometry":{"type":"Polygon","coordinates":[[[143.0,-8.5],[143.25,-8.5],[143.25,-8.25],[143.0,-8.25],[143.0,-8.5]]]},"properties":{"records":4,"species":4,"genera":2,"families":0,"top_genera":[["Ficus",3],["Ipomoea",1]],"top_species":[["Ficus opposita",1],["Ficus cumingii",1],["Ipomoea asterophora",1],["Ficus archboldiana",1]],"center":[-8.375,143.125]}},{"type":"Feature","geometry":{"type":"Polygon","coordinates":[[[152.75,-4.0],[153.0,-4.0],[153.0,-3.75],[152.75,-3.75],[152.75,-4.0]]]},"properties":{"records":4,"species":2,"genera":2,"families":0,"top_genera":[["Canavalia",3],["Vigna",1]],"top_species":[["Canavalia rosea",3],["Vigna marina",1]],"center":[-3.875,152.875]}},{"type":"Feature","geometry":{"type":"Polygon","coordinates":[[[142.75,-4.0],[143.0,-4.0],[143.0,-3.75],[142.75,-3.75],[142.75,-4.0]]]},"properties":{"records":4,"species":2,"genera":2,"families":0,"top_genera":[["Rungia",3],["Abelmoschus",1]],"top_species":[["Rungia klossii",3],["Abelmoschus moschatus",1]],"center":[-3.875,142.875]}},{"type":"Feature","geometry":{"type":"Polygon","coordinates":[[[141.5,-8.0],[141.75,-8.0],[141.75,-7.75],[141.5,-7.75],[141.5,-8.0]]]},"properties":{"records":4,"species":1,"genera":1,"families":0,"top_genera":[["Ficus",4]],"top_species":[["Ficus baeuerlenii",4]],"center":[-7.875,141.625]}},{"type":"Feature","geometry":{"type":"Polygon","coordinates":[[[142.25,-8.75],[142.5,-8.75],[142.5,-8.5],[142.25,-8.5],[142.25,-8.75]]]},"properties":{"records":4,"species":1,"genera":2,"families":0,"top_genera":[["Mucuna",2],["Ficus",2]],"top_species":[["Mucuna pruriens",2]],"center":[-8.625,142.375]}},{"type":"Feature","geometry":{"type":"Polygon","coordinates":[[[151.25,-10.0],[151.5,-10.0],[151.5,-9.75],[151.25,-9.75],[151.25,-10.0]]]},"properties":{"records":4,"species":2,"genera":1,"families":0,"top_genera":[["Ficus",4]],"top_species":[["Ficus opposita",2],["Ficus cumingii",2]],"center":[-9.875,151.375]}},{"type":"Feature","geometry":{"type":"Polygon","coordinates":[[[151.25,-5.5],[151.5,-5.5],[151.5,-5.25],[151.25,-5.25],[151.25,-5.5]]]},"properties":{"records":3,"species":2,"genera":2,"families":0,"top_genera":[["Passiflora",2],["Ficus",1]],"top_species":[["Passiflora aurantioides",2],["Ficus praestans",1]],"center":[-5.375,151.375]}},{"type":"Feature","geometry":{"type":"Polygon","coordinates":[[[151.0,-10.75],[151.25,-10.75],[151.25,-10.5],[151.0,-10.5],[151.0,-10.75]]]},"properties":{"records":3,"species":1,"genera":2,"families":0,"top_genera":[["Ficus",2],["Ocimum",1]],"top_species":[["Ficus adenosperma",2]],"center":[-10.625,151.125]}},{"type":"Feature","geometry":{"type":"Polygon","coordinates":[[[155.75,-6.5],[156.0,-6.5],[156.0,-6.25],[155.75,-6.25],[155.75,-6.5]]]},"properties":{"records":3,"species":2,"genera":2,"families":0,"top_genera":[["Ocimum",2],["Ficus",1]],"top_species":[["Ocimum gratissimum",1],["Ficus baeuerlenii",1]],"center":[-6.375,155.875]}},{"type":"Feature","geometry":{"type":"Polygon","coordinates":[[[150.75,-7.75],[151.0,-7.75],[151.0,-7.5],[150.75,-7.5],[150.75,-7.75]]]},"properties":{"records":3,"species":1,"genera":1,"families":0,"top_genera":[["Diplazium",3]],"top_species":[["Diplazium proliferum",3]],"center":[-7.625,150.875]}},{"type":"Feature","geometry":{"type":"Polygon","coordinates":[[[145.75,-7.0],[146.0,-7.0],[146.0,-6.75],[145.75,-6.75],[145.75,-7.0]]]},"properties":{"records":3,"species":1,"genera":1,"families":0,"top_genera":[["Ficus",3]],"top_species":[["Ficus adenosperma",3]],"center":[-6.875,145.875]}},{"type":"Feature","geometry":{"type":"Polygon","coordinates":[[[150.75,-10.75],[151.0,-10.75],[151.0,-10.5],[150.75,-10.5],[150.75,-10.75]]]},"properties":{"records":3,"species":2,"genera":2,"families":0,"top_genera":[["Crassocephalum",2],["Vigna",1]],"top_species":[["Crassocephalum crepidioides",2],["Vigna marina",1]],"center":[-10.625,150.875]}},{"type":"Feature","geometry":{"type":"Polygon","coordinates":[[[150.25,-8.5],[150.5,-8.5],[150.5,-8.25],[150.25,-8.25],[150.25,-8.5]]]},"properties":{"records":3,"species":3,"genera":2,"families":0,"top_genera":[["Ficus",2],["Morinda",1]],"top_species":[["Morinda citrifolia",1],["Ficus wassa",1],["Ficus septica",1]],"center":[-8.375,150.375]}},{"type":"Feature","geometry":{"type":"Polygon","coordinates":[[[149.75,-6.0],[150.0,-6.0],[150.0,-5.75],[149.75,-5.75],[149.75,-6.0]]]},"properties":{"records":3,"species":2,"genera":1,"families":0,"top_genera":[["Ficus",3]],"top_species":[["Ficus hadroneura",1],["Ficus erythrosperma",1]],"center":[-5.875,149.875]}},{"type":"Feature","geometry":{"type":"Polygon","coordinates":[[[150.25,-10.75],[150.5,-10.75],[150.5,-10.5],[150.25,-10.5],[150.25,-10.75]]]},"properties":{"records":3,"species":1,"genera":1,"families":0,"top_genera":[["Ficus",3]],"top_species":[["Ficus variegata",2]],"center":[-10.625,150.375]}},{"type":"Feature","geometry":{"type":"Polygon","coordinates":[[[141.25,-8.25],[141.5,-8.25],[141.5,-8.0],[141.25,-8.0],[141.25,-8.25]]]},"properties":{"records":3,"species":1,"genera":1,"families":0,"top_genera":[["Ipomoea",3]],"top_species":[["Ipomoea mauritiana",1]],"center":[-8.125,141.375]}},{"type":"Feature","geometry":{"type":"Polygon","coordinates":[[[143.0,-7.0],[143.25,-7.0],[143.25,-6.75],[143.0,-6.75],[143.0,-7.0]]]},"properties":{"records":3,"species":1,"genera":1,"families":0,"top_genera":[["Bidens",3]],"top_species":[["Bidens pilosa",2]],"center":[-6.875,143.125]}},{"type":"Feature","geometry":{"type":"Polygon","coordinates":[[[144.75,-4.75],[145.0,-4.75],[145.0,-4.5],[144.75,-4.5],[144.75,-4.75]]]},"properties":{"records":3,"species":2,"genera":1,"families":0,"top_genera":[["Ficus",3]],"top_species":[["Ficus copiosa",2],["Ficus wassa",1]],"center":[-4.625,144.875]}},{"type":"Feature","geometry":{"type":"Polygon","coordinates":[[[141.75,-6.5],[142.0,-6.5],[142.0,-6.25],[141.75,-6.25],[141.75,-6.5]]]},"properties":{"records":3,"species":3,"genera":3,"families":0,"top_genera":[["Tithonia",1],["Clerodendrum",1],["Senna",1]],"top_species":[["Tithonia diversifolia",1],["Clerodendrum paniculatum",1],["Senna alata",1]],"center":[-6.375,141.875]}},{"type":"Feature","geometry":{"type":"Polygon","coordinates":[[[150.0,-10.0],[150.25,-10.0],[150.25,-9.75],[150.0,-9.75],[150.0,-10.0]]]},"properties":{"records":3,"species":2,"genera":2,"families":0,"top_genera":[["Ficus",2],["Vigna",1]],"top_species":[["Ficus adenosperma",2],["Vigna radiata",1]],"center":[-9.875,150.125]}},{"type":"Feature","geometry":{"type":"Polygon","coordinates":[[[144.5,-6.5],[144.75,-6.5],[144.75,-6.25],[144.5,-6.25],[144.5,-6.5]]]},"properties":{"records":3,"species":3,"genera":2,"families":0,"top_genera":[["Amaranthus",2],["Urena",1]],"top_species":[["Urena lobata",1],["Amaranthus hybridus",1],["Amaranthus cruentus",1]],"center":[-6.375,144.625]}},{"type":"Feature","geometry":{"type":"Polygon","coordinates":[[[144.5,-7.75],[144.75,-7.75],[144.75,-7.5],[144.5,-7.5],[144.5,-7.75]]]},"properties":{"records":3,"species":3,"genera":2,"families":0,"top_genera":[["Ficus",2],["Morinda",1]],"top_species":[["Ficus subulata",1],["Morinda citrifolia",1],["Ficus variegata",1]],"center":[-7.625,144.625]}},{"type":"Feature","geometry":{"type":"Polygon","coordinates":[[[144.75,-7.0],[145.0,-7.0],[145.0,-6.75],[144.75,-6.75],[144.75,-7.0]]]},"properties":{"records":3,"species":3,"genera":2,"families":0,"top_genera":[["Ficus",2],["Mucuna",1]],"top_species":[["Ficus subulata",1],["Ficus ribes",1],["Mucuna platyphylla",1]],"center":[-6.875,144.875]}},{"type":"Feature","geometry":{"type":"Polygon","coordinates":[[[141.75,-8.25],[142.0,-8.25],[142.0,-8.0],[141.75,-8.0],[141.75,-8.25]]]},"properties":{"records":3,"species":2,"genera":3,"families":0,"top_genera":[["Dioscorea",1],["Passiflora",1],["Cassia",1]],"top_species":[["Dioscorea bulbifera",1],["Cassia javanica",1]],"center":[-8.125,141.875]}},{"type":"Feature","geometry":{"type":"Polygon","coordinates":[[[142.0,-6.75],[142.25,-6.75],[142.25,-6.5],[142.0,-6.5],[142.0,-6.75]]]},"properties":{"records":3,"species":1,"genera":1,"families":0,"top_genera":[["Ficus",3]],"top_species":[["Ficus dammaropsis",2]],"center":[-6.625,142.125]}},{"type":"Feature","geometry":{"type":"Polygon","coordinates":[[[151.75,-5.75],[152.0,-5.75],[152.0,-5.5],[151.75,-5.5],[151.75,-5.75]]]},"properties":{"records":3,"species":2,"genera":2,"families":0,"top_genera":[["Crassocephalum",2],["Ficus",1]],"top_species":[["Crassocephalum crepidioides",2],["Ficus disticha",1]],"center":[-5.625,151.875]}},{"type":"Feature","geometry":{"type":"Polygon","coordinates":[[[141.25,-7.25],[141.5,-7.25],[141.5,-7.0],[141.25,-7.0],[141.25,-7.25]]]},"properties":{"records":3,"species":3,"genera":3,"families":0,"top_genera":[["Cosmos",1],["Tithonia",1],["Crotalaria",1]],"top_species":[["Cosmos caudatus",1],["Tithonia diversifolia",1],["Crotalaria goreensis",1]],"center":[-7.125,141.375]}},{"type":"Feature","geometry":{"type":"Polygon","coordinates":[[[148.5,-9.75],[148.75,-9.75],[148.75,-9.5],[148.5,-9.5],[148.5,-9.75]]]},"properties":{"records":3,"species":2,"genera":2,"families":0,"top_genera":[["Crotalaria",2],["Abelmoschus",1]],"top_species":[["Crotalaria montana",2],["Abelmoschus moschatus",1]],"center":[-9.625,148.625]}},{"type":"Feature","geometry":{"type":"Polygon","coordinates":[[[149.75,-6.25],[150.0,-6.25],[150.0,-6.0],[149.75,-6.0],[149.75,-6.25]]]},"properties":{"records":3,"species":1,"genera":1,"families":0,"top_genera":[["Ficus",3]],"top_species":[["Ficus copiosa",3]],"center":[-6.125,149.875]}},{"type":"Feature","geometry":{"type":"Polygon","coordinates":[[[141.75,-9.25],[142.0,-9.25],[142.0,-9.0],[141.75,-9.0],[141.75,-9.25]]]},"properties":{"records":3,"species":1,"genera":1,"families":0,"top_genera":[["Solanum",3]],"top_species":[["Solanum viridifolium",3]],"center":[-9.125,141.875]}},{"type":"Feature","geometry":{"type":"Polygon","coordinates":[[[149.75,-6.5],[150.0,-6.5],[150.0,-6.25],[149.75,-6.25],[149.75,-6.5]]]},"properties":{"records":3,"species":1,"genera":2,"families":0,"top_genera":[["Oenanthe",2],["Ficus",1]],"top_species":[["Oenanthe javanica",2]],"center":[-6.375,149.875]}},{"type":"Feature","geometry":{"type":"Polygon","coordinates":[[[151.5,-8.75],[151.75,-8.75],[151.75,-8.5],[151.5,-8.5],[151.5,-8.75]]]},"properties":{"records":3,"species":2,"genera":2,"families":0,"top_genera":[["Portulaca",2],["Ficus",1]],"top_species":[["Portulaca umbraticola",2],["Ficus tinctoria",1]],"center":[-8.625,151.625]}},{"type":"Feature","geometry":{"type":"Polygon","coordinates":[[[141.0,-3.5],[141.25,-3.5],[141.25,-3.25],[141.0,-3.25],[141.0,-3.5]]]},"properties":{"records":2,"species":1,"genera":2,"families":0,"top_genera":[["Hibiscus",1],["Amaranthus",1]],"top_species":[["Amaranthus hybridus",1]],"center":[-3.375,141.125]}},{"type":"Feature","geometry":{"type":"Polygon","coordinates":[[[151.75,-4.5],[152.0,-4.5],[152.0,-4.25],[151.75,-4.25],[151.75,-4.5]]]},"properties":{"records":2,"species":2,"genera":2,"families":0,"top_genera":[["Ficus",1],["Diplazium",1]],"top_species":[["Ficus glandifera",1],["Diplazium proliferum",1]],"center":[-4.375,151.875]}},{"type":"Feature","geometry":{"type":"Polygon","coordinates":[[[143.5,-6.75],[143.75,-6.75],[143.75,-6.5],[143.5,-6.5],[143.5,-6.75]]]},"properties":{"records":2,"species":1,"genera":1,"families":0,"top_genera":[["Ficus",2]],"top_species":[["Ficus glaberrima",1]],"center":[-6.625,143.625]}},{"type":"Feature","geometry":{"type":"Polygon","coordinates":[[[151.0,-11.0],[151.25,-11.0],[151.25,-10.75],[151.0,-10.75],[151.0,-11.0]]]},"properties":{"records":2,"species":1,"genera":1,"families":0,"top_genera":[["Ficus",2]],"top_species":[["Ficus adenosperma",2]],"center":[-10.875,151.125]}},{"type":"Feature","geometry":{"type":"Polygon","coordinates":[[[153.25,-11.75],[153.5,-11.75],[153.5,-11.5],[153.25,-11.5],[153.25,-11.75]]]},"properties":{"records":2,"species":0,"genera":2,"families":0,"top_genera":[["Polygonum",1],["Ficus",1]],"top_species":[],"center":[-11.625,153.375]}},{"type":"Feature","geometry":{"type":"Polygon","coordinates":[[[153.5,-11.75],[153.75,-11.75],[153.75,-11.5],[153.5,-11.5],[153.5,-11.75]]]},"properties":{"records":2,"species":1,"genera":1,"families":0,"top_genera":[["Ficus",2]],"top_species":[["Ficus mollior",2]],"center":[-11.625,153.625]}},{"type":"Feature","geometry":{"type":"Polygon","coordinates":[[[146.75,-8.0],[147.0,-8.0],[147.0,-7.75],[146.75,-7.75],[146.75,-8.0]]]},"properties":{"records":2,"species":2,"genera":2,"families":0,"top_genera":[["Ficus",1],["Chenopodium",1]],"top_species":[["Ficus eximia",1],["Chenopodium acuminatum",1]],"center":[-7.875,146.875]}},{"type":"Feature","geometry":{"type":"Polygon","coordinates":[[[144.75,-7.5],[145.0,-7.5],[145.0,-7.25],[144.75,-7.25],[144.75,-7.5]]]},"properties":{"records":2,"species":1,"genera":1,"families":0,"top_genera":[["Stenochlaena",2]],"top_species":[["Stenochlaena palustris",2]],"center":[-7.375,144.875]}},{"type":"Feature","geometry":{"type":"Polygon","coordinates":[[[152.5,-4.25],[152.75,-4.25],[152.75,-4.0],[152.5,-4.0],[152.5,-4.25]]]},"properties":{"records":2,"species":1,"genera":1,"families":0,"top_genera":[["Ficus",2]],"top_species":[["Ficus crassiramea",1]],"center":[-4.125,152.625]}},{"type":"Feature","geometry":{"type":"Polygon","coordinates":[[[144.75,-6.5],[145.0,-6.5],[145.0,-6.25],[144.75,-6.25],[144.75,-6.5]]]},"properties":{"records":2,"species":1,"genera":1,"families":0,"top_genera":[["Ipomoea",2]],"top_species":[["Ipomoea batatas",2]],"center":[-6.375,144.875]}},{"type":"Feature","geometry":{"type":"Polygon","coordinates":[[[142.5,-8.25],[142.75,-8.25],[142.75,-8.0],[142.5,-8.0],[142.5,-8.25]]]},"properties":{"records":2,"species":2,"genera":2,"families":0,"top_genera":[["Momordica",1],["Passiflora",1]],"top_species":[["Momordica charantia",1],["Passiflora foetida",1]],"center":[-8.125,142.625]}},{"type":"Feature","geometry":{"type":"Polygon","coordinates":[[[143.25,-8.25],[143.5,-8.25],[143.5,-8.0],[143.25,-8.0],[143.25,-8.25]]]},"properties":{"records":2,"species":1,"genera":2,"families":0,"top_genera":[["Rungia",1],["Celosia",1]],"top_species":[["Rungia klossii",1]],"center":[-8.125,143.375]}},{"type":"Feature","geometry":{"type":"Polygon","coordinates":[[[145.5,-4.75],[145.75,-4.75],[145.75,-4.5],[145.5,-4.5],[145.5,-4.75]]]},"properties":{"records":2,"species":1,"genera":1,"families":0,"top_genera":[["Ficus",2]],"top_species":[["Ficus subnervosa",2]],"center":[-4.625,145.625]}},{"type":"Feature","geometry":{"type":"Polygon","coordinates":[[[143.75,-6.75],[144.0,-6.75],[144.0,-6.5],[143.75,-6.5],[143.75,-6.75]]]},"properties":{"records":2,"species":1,"genera":1,"families":0,"top_genera":[["Corchorus",2]],"top_species":[["Corchorus aestuans",2]],"center":[-6.625,143.875]}},{"type":"Feature","geometry":{"type":"Polygon","coordinates":[[[146.75,-9.5],[147.0,-9.5],[147.0,-9.25],[146.75,-9.25],[146.75,-9.5]]]},"properties":{"records":2,"species":2,"genera":2,"families":0,"top_genera":[["Citrullus",1],["Ipomoea",1]],"top_species":[["Citrullus amarus",1],["Ipomoea pes-caprae",1]],"center":[-9.375,146.875]}},{"type":"Feature","geometry":{"type":"Polygon","coordinates":[[[145.25,-4.5],[145.5,-4.5],[145.5,-4.25],[145.25,-4.25],[145.25,-4.5]]]},"properties":{"records":2,"species":2,"genera":1,"families":0,"top_genera":[["Ipomoea",2]],"top_species":[["Ipomoea hederifolia",1],["Ipomoea carnea",1]],"center":[-4.375,145.375]}},{"type":"Feature","geometry":{"type":"Polygon","coordinates":[[[142.5,-5.0],[142.75,-5.0],[142.75,-4.75],[142.5,-4.75],[142.5,-5.0]]]},"properties":{"records":2,"species":1,"genera":1,"families":0,"top_genera":[["Ficus",2]],"top_species":[["Ficus pungens",1]],"center":[-4.875,142.625]}},{"type":"Feature","geometry":{"type":"Polygon","coordinates":[[[146.25,-6.0],[146.5,-6.0],[146.5,-5.75],[146.25,-5.75],[146.25,-6.0]]]},"properties":{"records":2,"species":1,"genera":1,"families":0,"top_genera":[["Passiflora",2]],"top_species":[["Passiflora hollrungii",2]],"center":[-5.875,146.375]}},{"type":"Feature","geometry":{"type":"Polygon","coordinates":[[[145.0,-5.5],[145.25,-5.5],[145.25,-5.25],[145.0,-5.25],[145.0,-5.5]]]},"properties":{"records":2,"species":1,"genera":1,"families":0,"top_genera":[["Gnetum",2]],"top_species":[["Gnetum gnemon",2]],"center":[-5.375,145.125]}},{"type":"Feature","geometry":{"type":"Polygon","coordinates":[[[141.5,-3.25],[141.75,-3.25],[141.75,-3.0],[141.5,-3.0],[141.5,-3.25]]]},"properties":{"records":2,"species":2,"genera":1,"families":0,"top_genera":[["Ficus",2]],"top_species":[["Ficus virgata",1],["Ficus palmata",1]],"center":[-3.125,141.625]}},{"type":"Feature","geometry":{"type":"Polygon","coordinates":[[[143.25,-6.25],[143.5,-6.25],[143.5,-6.0],[143.25,-6.0],[143.25,-6.25]]]},"properties":{"records":2,"species":2,"genera":2,"families":0,"top_genera":[["Setaria",1],["Solanum",1]],"top_species":[["Setaria palmifolia",1],["Solanum incanoalabastrum",1]],"center":[-6.125,143.375]}},{"type":"Feature","geometry":{"type":"Polygon","coordinates":[[[145.75,-8.25],[146.0,-8.25],[146.0,-8.0],[145.75,-8.0],[145.75,-8.25]]]},"properties":{"records":2,"species":1,"genera":1,"families":0,"top_genera":[["Ficus",2]],"top_species":[["Ficus disticha",2]],"center":[-8.125,145.875]}},{"type":"Feature","geometry":{"type":"Polygon","coordinates":[[[146.75,0.0],[147.0,0.0],[147.0,0.25],[146.75,0.25],[146.75,0.0]]]},"properties":{"records":2,"species":1,"genera":1,"families":0,"top_genera":[["Solanum",2]],"top_species":[["Solanum torvum",2]],"center":[0.125,146.875]}},{"type":"Feature","geometry":{"type":"Polygon","coordinates":[[[141.5,-6.0],[141.75,-6.0],[141.75,-5.75],[141.5,-5.75],[141.5,-6.0]]]},"properties":{"records":2,"species":2,"genera":2,"families":0,"top_genera":[["Mimosa",1],["Cissus",1]],"top_species":[["Mimosa pudica",1],["Cissus conchigera",1]],"center":[-5.875,141.625]}},{"type":"Feature","geometry":{"type":"Polygon","coordinates":[[[141.25,-7.5],[141.5,-7.5],[141.5,-7.25],[141.25,-7.25],[141.25,-7.5]]]},"properties":{"records":2,"species":1,"genera":1,"families":0,"top_genera":[["Centrosema",2]],"top_species":[["Centrosema pubescens",2]],"center":[-7.375,141.375]}},{"type":"Feature","geometry":{"type":"Polygon","coordinates":[[[144.25,-4.25],[144.5,-4.25],[144.5,-4.0],[144.25,-4.0],[144.25,-4.25]]]},"properties":{"records":2,"species":1,"genera":1,"families":0,"top_genera":[["Ficus",2]],"top_species":[["Ficus virens",2]],"center":[-4.125,144.375]}},{"type":"Feature","geometry":{"type":"Polygon","coordinates":[[[151.5,-4.5],[151.75,-4.5],[151.75,-4.25],[151.5,-4.25],[151.5,-4.5]]]},"properties":{"records":2,"species":1,"genera":1,"families":0,"top_genera":[["Ficus",2]],"top_species":[["Ficus copiosa",1]],"center":[-4.375,151.625]}},{"type":"Feature","geometry":{"type":"Polygon","coordinates":[[[147.5,-5.0],[147.75,-5.0],[147.75,-4.75],[147.5,-4.75],[147.5,-5.0]]]},"properties":{"records":2,"species":2,"genera":2,"families":0,"top_genera":[["Crotalaria",1],["Ficus",1]],"top_species":[["Crotalaria quinquefolia",1],["Ficus trachypison",1]],"center":[-4.875,147.625]}},{"type":"Feature","geometry":{"type":"Polygon","coordinates":[[[142.25,-3.75],[142.5,-3.75],[142.5,-3.5],[142.25,-3.5],[142.25,-3.75]]]},"properties":{"records":2,"species":1,"genera":1,"families":0,"top_genera":[["Ficus",2]],"top_species":[["Ficus glandulifera",1]],"center":[-3.625,142.375]}},{"type":"Feature","geometry":{"type":"Polygon","coordinates":[[[147.0,-5.25],[147.25,-5.25],[147.25,-5.0],[147.0,-5.0],[147.0,-5.25]]]},"properties":{"records":2,"species":1,"genera":1,"families":0,"top_genera":[["Dioscorea",2]],"top_species":[["Dioscorea bulbifera",2]],"center":[-5.125,147.125]}},{"type":"Feature","geometry":{"type":"Polygon","coordinates":[[[143.0,-8.75],[143.25,-8.75],[143.25,-8.5],[143.0,-8.5],[143.0,-8.75]]]},"properties":{"records":2,"species":2,"genera":2,"families":0,"top_genera":[["Canavalia",1],["Vigna",1]],"top_species":[["Canavalia rosea",1],["Vigna marina",1]],"center":[-8.625,143.125]}},{"type":"Feature","geometry":{"type":"Polygon","coordinates":[[[142.0,-8.5],[142.25,-8.5],[142.25,-8.25],[142.0,-8.25],[142.0,-8.5]]]},"properties":{"records":2,"species":2,"genera":2,"families":0,"top_genera":[["Urena",1],["Senna",1]],"top_species":[["Urena lobata",1],["Senna alata",1]],"center":[-8.375,142.125]}},{"type":"Feature","geometry":{"type":"Polygon","coordinates":[[[146.5,0.0],[146.75,0.0],[146.75,0.25],[146.5,0.25],[146.5,0.0]]]},"properties":{"records":2,"species":2,"genera":1,"families":0,"top_genera":[["Solanum",2]],"top_species":[["Solanum mammosum",1],["Solanum torvum",1]],"center":[0.125,146.625]}},{"type":"Feature","geometry":{"type":"Polygon","coordinates":[[[143.0,-4.25],[143.25,-4.25],[143.25,-4.0],[143.0,-4.0],[143.0,-4.25]]]},"properties":{"records":2,"species":2,"genera":2,"families":0,"top_genera":[["Abelmoschus",1],["Ludwigia",1]],"top_species":[["Abelmoschus moschatus",1],["Ludwigia octovalvis",1]],"center":[-4.125,143.125]}},{"type":"Feature","geometry":{"type":"Polygon","coordinates":[[[142.25,-4.75],[142.5,-4.75],[142.5,-4.5],[142.25,-4.5],[142.25,-4.75]]]},"properties":{"records":2,"species":1,"genera":1,"families":0,"top_genera":[["Gnetum",2]],"top_species":[["Gnetum gnemon",2]],"center":[-4.625,142.375]}},{"type":"Feature","geometry":{"type":"Polygon","coordinates":[[[153.75,-11.75],[154.0,-11.75],[154.0,-11.5],[153.75,-11.5],[153.75,-11.75]]]},"properties":{"records":2,"species":1,"genera":1,"families":0,"top_genera":[["Urena",2]],"top_species":[["Urena lobata",2]],"center":[-11.625,153.875]}},{"type":"Feature","geometry":{"type":"Polygon","coordinates":[[[145.25,-7.5],[145.5,-7.5],[145.5,-7.25],[145.25,-7.25],[145.25,-7.5]]]},"properties":{"records":2,"species":2,"genera":2,"families":0,"top_genera":[["Stenochlaena",1],["Ficus",1]],"top_species":[["Stenochlaena palustris",1],["Ficus hesperidiiformis",1]],"center":[-7.375,145.375]}},{"type":"Feature","geometry":{"type":"Polygon","coordinates":[[[150.0,-2.75],[150.25,-2.75],[150.25,-2.5],[150.0,-2.5],[150.0,-2.75]]]},"properties":{"records":2,"species":2,"genera":1,"families":0,"top_genera":[["Ficus",2]],"top_species":[["Ficus macrorrhyncha",1],["Ficus pungens",1]],"center":[-2.625,150.125]}},{"type":"Feature","geometry":{"type":"Polygon","coordinates":[[[151.75,-3.25],[152.0,-3.25],[152.0,-3.0],[151.75,-3.0],[151.75,-3.25]]]},"properties":{"records":2,"species":1,"genera":1,"families":0,"top_genera":[["Centella",2]],"top_species":[["Centella asiatica",2]],"center":[-3.125,151.875]}},{"type":"Feature","geometry":{"type":"Polygon","coordinates":[[[143.75,-4.25],[144.0,-4.25],[144.0,-4.0],[143.75,-4.0],[143.75,-4.25]]]},"properties":{"records":2,"species":2,"genera":2,"families":0,"top_genera":[["Portulaca",1],["Amaranthus",1]],"top_species":[["Portulaca oleracea",1],["Amaranthus tricolor",1]],"center":[-4.125,143.875]}},{"type":"Feature","geometry":{"type":"Polygon","coordinates":[[[141.75,-4.0],[142.0,-4.0],[142.0,-3.75],[141.75,-3.75],[141.75,-4.0]]]},"properties":{"records":2,"species":1,"genera":2,"families":0,"top_genera":[["Cissus",1],["Vigna",1]],"top_species":[["Cissus discolor",1]],"center":[-3.875,141.875]}},{"type":"Feature","geometry":{"type":"Polygon","coordinates":[[[143.25,-4.0],[143.5,-4.0],[143.5,-3.75],[143.25,-3.75],[143.25,-4.0]]]},"properties":{"records":2,"species":1,"genera":1,"families":0,"top_genera":[["Crotalaria",2]],"top_species":[["Crotalaria montana",2]],"center":[-3.875,143.375]}},{"type":"Feature","geometry":{"type":"Polygon","coordinates":[[[154.75,-5.75],[155.0,-5.75],[155.0,-5.5],[154.75,-5.5],[154.75,-5.75]]]},"properties":{"records":2,"species":1,"genera":1,"families":0,"top_genera":[["Solanum",2]],"top_species":[["Solanum peekelii",1]],"center":[-5.625,154.875]}},{"type":"Feature","geometry":{"type":"Polygon","coordinates":[[[147.0,-10.0],[147.25,-10.0],[147.25,-9.75],[147.0,-9.75],[147.0,-10.0]]]},"properties":{"records":2,"species":1,"genera":1,"families":0,"top_genera":[["Ficus",2]],"top_species":[["Ficus benjamina",1]],"center":[-9.875,147.125]}},{"type":"Feature","geometry":{"type":"Polygon","coordinates":[[[141.5,-6.5],[141.75,-6.5],[141.75,-6.25],[141.5,-6.25],[141.5,-6.5]]]},"properties":{"records":2,"species":2,"genera":1,"families":0,"top_genera":[["Amaranthus",2]],"top_species":[["Amaranthus dubius",1],["Amaranthus tricolor",1]],"center":[-6.375,141.625]}},{"type":"Feature","geometry":{"type":"Polygon","coordinates":[[[151.75,-4.75],[152.0,-4.75],[152.0,-4.5],[151.75,-4.5],[151.75,-4.75]]]},"properties":{"records":2,"species":1,"genera":2,"families":0,"top_genera":[["Ficus",1],["Diplazium",1]],"top_species":[["Diplazium proliferum",1]],"center":[-4.625,151.875]}},{"type":"Feature","geometry":{"type":"Polygon","coordinates":[[[148.75,-10.5],[149.0,-10.5],[149.0,-10.25],[148.75,-10.25],[148.75,-10.5]]]},"properties":{"records":2,"species":2,"genera":1,"families":0,"top_genera":[["Cucumis",2]],"top_species":[["Cucumis althaeoides",1],["Cucumis maderaspatanus",1]],"center":[-10.375,148.875]}},{"type":"Feature","geometry":{"type":"Polygon","coordinates":[[[150.5,-8.5],[150.75,-8.5],[150.75,-8.25],[150.5,-8.25],[150.5,-8.5]]]},"properties":{"records":2,"species":1,"genera":1,"families":0,"top_genera":[["Ficus",2]],"top_species":[["Ficus drupacea",2]],"center":[-8.375,150.625]}},{"type":"Feature","geometry":{"type":"Polygon","coordinates":[[[142.5,-5.25],[142.75,-5.25],[142.75,-5.0],[142.5,-5.0],[142.5,-5.25]]]},"properties":{"records":2,"species":0,"genera":1,"families":0,"top_genera":[["Ficus",2]],"top_species":[],"center":[-5.125,142.625]}},{"type":"Feature","geometry":{"type":"Polygon","coordinates":[[[152.5,-8.25],[152.75,-8.25],[152.75,-8.0],[152.5,-8.0],[152.5,-8.25]]]},"properties":{"records":2,"species":1,"genera":1,"families":0,"top_genera":[["Ficus",2]],"top_species":[["Ficus gul",1]],"center":[-8.125,152.625]}},{"type":"Feature","geometry":{"type":"Polygon","coordinates":[[[143.5,-7.5],[143.75,-7.5],[143.75,-7.25],[143.5,-7.25],[143.5,-7.5]]]},"properties":{"records":2,"species":1,"genera":1,"families":0,"top_genera":[["Ficus",2]],"top_species":[["Ficus papuana",1]],"center":[-7.375,143.625]}},{"type":"Feature","geometry":{"type":"Polygon","coordinates":[[[148.0,-10.5],[148.25,-10.5],[148.25,-10.25],[148.0,-10.25],[148.0,-10.5]]]},"properties":{"records":2,"species":1,"genera":1,"families":0,"top_genera":[["Crotalaria",2]],"top_species":[["Crotalaria montana",2]],"center":[-10.375,148.125]}},{"type":"Feature","geometry":{"type":"Polygon","coordinates":[[[146.25,-5.75],[146.5,-5.75],[146.5,-5.5],[146.25,-5.5],[146.25,-5.75]]]},"properties":{"records":2,"species":1,"genera":1,"families":0,"top_genera":[["Crotalaria",2]],"top_species":[["Crotalaria montana",2]],"center":[-5.625,146.375]}},{"type":"Feature","geometry":{"type":"Polygon","coordinates":[[[152.25,-4.75],[152.5,-4.75],[152.5,-4.5],[152.25,-4.5],[152.25,-4.75]]]},"properties":{"records":2,"species":2,"genera":2,"families":0,"top_genera":[["Ficus",1],["Gnetum",1]],"top_species":[["Ficus copiosa",1],["Gnetum gnemon",1]],"center":[-4.625,152.375]}},{"type":"Feature","geometry":{"type":"Polygon","coordinates":[[[149.25,-4.75],[149.5,-4.75],[149.5,-4.5],[149.25,-4.5],[149.25,-4.75]]]},"properties":{"records":2,"species":2,"genera":2,"families":0,"top_genera":[["Cassia",1],["Hibiscus",1]],"top_species":[["Cassia fistula",1],["Hibiscus schizopetalus",1]],"center":[-4.625,149.375]}},{"type":"Feature","geometry":{"type":"Polygon","coordinates":[[[141.5,-5.5],[141.75,-5.5],[141.75,-5.25],[141.5,-5.25],[141.5,-5.5]]]},"properties":{"records":2,"species":2,"genera":2,"families":0,"top_genera":[["Abelmoschus",1],["Hibiscus",1]],"top_species":[["Abelmoschus sagittifolius",1],["Hibiscus sciadiolepidus",1]],"center":[-5.375,141.625]}},{"type":"Feature","geometry":{"type":"Polygon","coordinates":[[[149.0,-5.5],[149.25,-5.5],[149.25,-5.25],[149.0,-5.25],[149.0,-5.5]]]},"properties":{"records":2,"species":2,"genera":2,"families":0,"top_genera":[["Solanum",1],["Ficus",1]],"top_species":[["Solanum papuanum",1],["Ficus odoardi",1]],"center":[-5.375,149.125]}},{"type":"Feature","geometry":{"type":"Polygon","coordinates":[[[147.5,-10.5],[147.75,-10.5],[147.75,-10.25],[147.5,-10.25],[147.5,-10.5]]]},"properties":{"records":2,"species":2,"genera":1,"families":0,"top_genera":[["Solanum",2]],"top_species":[["Solanum papuanum",1],["Solanum anfractum",1]],"center":[-10.375,147.625]}},{"type":"Feature","geometry":{"type":"Polygon","coordinates":[[[144.75,-5.0],[145.0,-5.0],[145.0,-4.75],[144.75,-4.75],[144.75,-5.0]]]},"properties":{"records":1,"species":1,"genera":1,"families":0,"top_genera":[["Amaranthus",1]],"top_species":[["Amaranthus viridis",1]],"center":[-4.875,144.875]}},{"type":"Feature","geometry":{"type":"Polygon","coordinates":[[[148.0,-8.5],[148.25,-8.5],[148.25,-8.25],[148.0,-8.25],[148.0,-8.5]]]},"properties":{"records":1,"species":1,"genera":1,"families":0,"top_genera":[["Alternanthera",1]],"top_species":[["Alternanthera sessilis",1]],"center":[-8.375,148.125]}},{"type":"Feature","geometry":{"type":"Polygon","coordinates":[[[141.75,-8.75],[142.0,-8.75],[142.0,-8.5],[141.75,-8.5],[141.75,-8.75]]]},"properties":{"records":1,"species":1,"genera":1,"families":0,"top_genera":[["Glinus",1]],"top_species":[["Glinus oppositifolius",1]],"center":[-8.625,141.875]}},{"type":"Feature","geometry":{"type":"Polygon","coordinates":[[[152.0,-3.5],[152.25,-3.5],[152.25,-3.25],[152.0,-3.25],[152.0,-3.5]]]},"properties":{"records":1,"species":1,"genera":1,"families":0,"top_genera":[["Stenochlaena",1]],"top_species":[["Stenochlaena palustris",1]],"center":[-3.375,152.125]}},{"type":"Feature","geometry":{"type":"Polygon","coordinates":[[[150.0,-1.75],[150.25,-1.75],[150.25,-1.5],[150.0,-1.5],[150.0,-1.75]]]},"properties":{"records":1,"species":1,"genera":1,"families":0,"top_genera":[["Ficus",1]],"top_species":[["Ficus septica",1]],"center":[-1.625,150.125]}},{"type":"Feature","geometry":{"type":"Polygon","coordinates":[[[141.0,-6.25],[141.25,-6.25],[141.25,-6.0],[141.0,-6.0],[141.0,-6.25]]]},"properties":{"records":1,"species":1,"genera":1,"families":0,"top_genera":[["Mimosa",1]],"top_species":[["Mimosa pudica",1]],"center":[-6.125,141.125]}},{"type":"Feature","geometry":{"type":"Polygon","coordinates":[[[142.0,-5.5],[142.25,-5.5],[142.25,-5.25],[142.0,-5.25],[142.0,-5.5]]]},"properties":{"records":1,"species":1,"genera":1,"families":0,"top_genera":[["Gnetum",1]],"top_species":[["Gnetum gnemon",1]],"center":[-5.375,142.125]}},{"type":"Feature","geometry":{"type":"Polygon","coordinates":[[[147.5,-8.25],[147.75,-8.25],[147.75,-8.0],[147.5,-8.0],[147.5,-8.25]]]},"properties":{"records":1,"species":1,"genera":1,"families":0,"top_genera":[["Rorippa",1]],"top_species":[["Rorippa palustris",1]],"center":[-8.125,147.625]}},{"type":"Feature","geometry":{"type":"Polygon","coordinates":[[[151.5,-3.25],[151.75,-3.25],[151.75,-3.0],[151.5,-3.0],[151.5,-3.25]]]},"properties":{"records":1,"species":1,"genera":1,"families":0,"top_genera":[["Cajanus",1]],"top_species":[["Cajanus cajan",1]],"center":[-3.125,151.625]}},{"type":"Feature","geometry":{"type":"Polygon","coordinates":[[[146.25,-8.0],[146.5,-8.0],[146.5,-7.75],[146.25,-7.75],[146.25,-8.0]]]},"properties":{"records":1,"species":1,"genera":1,"families":0,"top_genera":[["Passiflora",1]],"top_species":[["Passiflora tarminiana",1]],"center":[-7.875,146.375]}},{"type":"Feature","geometry":{"type":"Polygon","coordinates":[[[143.75,-6.5],[144.0,-6.5],[144.0,-6.25],[143.75,-6.25],[143.75,-6.5]]]},"properties":{"records":1,"species":1,"genera":1,"families":0,"top_genera":[["Ficus",1]],"top_species":[["Ficus virens",1]],"center":[-6.375,143.875]}},{"type":"Feature","geometry":{"type":"Polygon","coordinates":[[[144.0,-5.0],[144.25,-5.0],[144.25,-4.75],[144.0,-4.75],[144.0,-5.0]]]},"properties":{"records":1,"species":1,"genera":1,"families":0,"top_genera":[["Vigna",1]],"top_species":[["Vigna parkeri",1]],"center":[-4.875,144.125]}},{"type":"Feature","geometry":{"type":"Polygon","coordinates":[[[142.25,-6.5],[142.5,-6.5],[142.5,-6.25],[142.25,-6.25],[142.25,-6.5]]]},"properties":{"records":1,"species":1,"genera":1,"families":0,"top_genera":[["Ficus",1]],"top_species":[["Ficus bernaysii",1]],"center":[-6.375,142.375]}},{"type":"Feature","geometry":{"type":"Polygon","coordinates":[[[147.25,-8.0],[147.5,-8.0],[147.5,-7.75],[147.25,-7.75],[147.25,-8.0]]]},"properties":{"records":1,"species":1,"genera":1,"families":0,"top_genera":[["Solanum",1]],"top_species":[["Solanum torricellense",1]],"center":[-7.875,147.375]}},{"type":"Feature","geometry":{"type":"Polygon","coordinates":[[[154.75,-6.25],[155.0,-6.25],[155.0,-6.0],[154.75,-6.0],[154.75,-6.25]]]},"properties":{"records":1,"species":1,"genera":1,"families":0,"top_genera":[["Ficus",1]],"top_species":[["Ficus prasinicarpa",1]],"center":[-6.125,154.875]}},{"type":"Feature","geometry":{"type":"Polygon","coordinates":[[[142.0,-8.75],[142.25,-8.75],[142.25,-8.5],[142.0,-8.5],[142.0,-8.75]]]},"properties":{"records":1,"species":1,"genera":1,"families":0,"top_genera":[["Crassocephalum",1]],"top_species":[["Crassocephalum crepidioides",1]],"center":[-8.625,142.125]}},{"type":"Feature","geometry":{"type":"Polygon","coordinates":[[[145.75,-5.75],[146.0,-5.75],[146.0,-5.5],[145.75,-5.5],[145.75,-5.75]]]},"properties":{"records":1,"species":1,"genera":1,"families":0,"top_genera":[["Rungia",1]],"top_species":[["Rungia klossii",1]],"center":[-5.625,145.875]}},{"type":"Feature","geometry":{"type":"Polygon","coordinates":[[[143.75,-9.0],[144.0,-9.0],[144.0,-8.75],[143.75,-8.75],[143.75,-9.0]]]},"properties":{"records":1,"species":1,"genera":1,"families":0,"top_genera":[["Ficus",1]],"top_species":[["Ficus arbuscula",1]],"center":[-8.875,143.875]}},{"type":"Feature","geometry":{"type":"Polygon","coordinates":[[[143.25,-5.25],[143.5,-5.25],[143.5,-5.0],[143.25,-5.0],[143.25,-5.25]]]},"properties":{"records":1,"species":1,"genera":1,"families":0,"top_genera":[["Rorippa",1]],"top_species":[["Rorippa palustris",1]],"center":[-5.125,143.375]}},{"type":"Feature","geometry":{"type":"Polygon","coordinates":[[[141.25,-5.75],[141.5,-5.75],[141.5,-5.5],[141.25,-5.5],[141.25,-5.75]]]},"properties":{"records":1,"species":0,"genera":1,"families":0,"top_genera":[["Ficus",1]],"top_species":[],"center":[-5.625,141.375]}},{"type":"Feature","geometry":{"type":"Polygon","coordinates":[[[151.5,-3.0],[151.75,-3.0],[151.75,-2.75],[151.5,-2.75],[151.5,-3.0]]]},"properties":{"records":1,"species":1,"genera":1,"families":0,"top_genera":[["Cajanus",1]],"top_species":[["Cajanus cajan",1]],"center":[-2.875,151.625]}},{"type":"Feature","geometry":{"type":"Polygon","coordinates":[[[143.75,-7.0],[144.0,-7.0],[144.0,-6.75],[143.75,-6.75],[143.75,-7.0]]]},"properties":{"records":1,"species":1,"genera":1,"families":0,"top_genera":[["Passiflora",1]],"top_species":[["Passiflora tarminiana",1]],"center":[-6.875,143.875]}},{"type":"Feature","geometry":{"type":"Polygon","coordinates":[[[148.5,-10.0],[148.75,-10.0],[148.75,-9.75],[148.5,-9.75],[148.5,-10.0]]]},"properties":{"records":1,"species":1,"genera":1,"families":0,"top_genera":[["Ludwigia",1]],"top_species":[["Ludwigia octovalvis",1]],"center":[-9.875,148.625]}},{"type":"Feature","geometry":{"type":"Polygon","coordinates":[[[154.25,-11.5],[154.5,-11.5],[154.5,-11.25],[154.25,-11.25],[154.25,-11.5]]]},"properties":{"records":1,"species":1,"genera":1,"families":0,"top_genera":[["Passiflora",1]],"top_species":[["Passiflora aurantia",1]],"center":[-11.375,154.375]}},{"type":"Feature","geometry":{"type":"Polygon","coordinates":[[[150.75,-10.5],[151.0,-10.5],[151.0,-10.25],[150.75,-10.25],[150.75,-10.5]]]},"properties":{"records":1,"species":1,"genera":1,"families":0,"top_genera":[["Abelmoschus",1]],"top_species":[["Abelmoschus moschatus",1]],"center":[-10.375,150.875]}},{"type":"Feature","geometry":{"type":"Polygon","coordinates":[[[146.5,-2.0],[146.75,-2.0],[146.75,-1.75],[146.5,-1.75],[146.5,-2.0]]]},"properties":{"records":1,"species":1,"genera":1,"families":0,"top_genera":[["Dioscorea",1]],"top_species":[["Dioscorea nummularia",1]],"center":[-1.875,146.625]}},{"type":"Feature","geometry":{"type":"Polygon","coordinates":[[[145.0,-4.0],[145.25,-4.0],[145.25,-3.75],[145.0,-3.75],[145.0,-4.0]]]},"properties":{"records":1,"species":1,"genera":1,"families":0,"top_genera":[["Bidens",1]],"top_species":[["Bidens pilosa",1]],"center":[-3.875,145.125]}},{"type":"Feature","geometry":{"type":"Polygon","coordinates":[[[142.5,-3.5],[142.75,-3.5],[142.75,-3.25],[142.5,-3.25],[142.5,-3.5]]]},"properties":{"records":1,"species":1,"genera":1,"families":0,"top_genera":[["Urena",1]],"top_species":[["Urena lobata",1]],"center":[-3.375,142.625]}},{"type":"Feature","geometry":{"type":"Polygon","coordinates":[[[147.5,-6.25],[147.75,-6.25],[147.75,-6.0],[147.5,-6.0],[147.5,-6.25]]]},"properties":{"records":1,"species":1,"genera":1,"families":0,"top_genera":[["Portulaca",1]],"top_species":[["Portulaca pilosa",1]],"center":[-6.125,147.625]}},{"type":"Feature","geometry":{"type":"Polygon","coordinates":[[[147.5,-7.5],[147.75,-7.5],[147.75,-7.25],[147.5,-7.25],[147.5,-7.5]]]},"properties":{"records":1,"species":1,"genera":1,"families":0,"top_genera":[["Passiflora",1]],"top_species":[["Passiflora aurantia",1]],"center":[-7.375,147.625]}},{"type":"Feature","geometry":{"type":"Polygon","coordinates":[[[145.5,-7.25],[145.75,-7.25],[145.75,-7.0],[145.5,-7.0],[145.5,-7.25]]]},"properties":{"records":1,"species":1,"genera":1,"families":0,"top_genera":[["Ficus",1]],"top_species":[["Ficus tinctoria",1]],"center":[-7.125,145.625]}},{"type":"Feature","geometry":{"type":"Polygon","coordinates":[[[147.75,-7.75],[148.0,-7.75],[148.0,-7.5],[147.75,-7.5],[147.75,-7.75]]]},"properties":{"records":1,"species":1,"genera":1,"families":0,"top_genera":[["Urena",1]],"top_species":[["Urena lobata",1]],"center":[-7.625,147.875]}},{"type":"Feature","geometry":{"type":"Polygon","coordinates":[[[147.25,-7.0],[147.5,-7.0],[147.5,-6.75],[147.25,-6.75],[147.25,-7.0]]]},"properties":{"records":1,"species":0,"genera":1,"families":0,"top_genera":[["Spilanthes",1]],"top_species":[],"center":[-6.875,147.375]}},{"type":"Feature","geometry":{"type":"Polygon","coordinates":[[[150.25,-2.75],[150.5,-2.75],[150.5,-2.5],[150.25,-2.5],[150.25,-2.75]]]},"properties":{"records":1,"species":1,"genera":1,"families":0,"top_genera":[["Ipomoea",1]],"top_species":[["Ipomoea quamoclit",1]],"center":[-2.625,150.375]}},{"type":"Feature","geometry":{"type":"Polygon","coordinates":[[[147.5,-2.5],[147.75,-2.5],[147.75,-2.25],[147.5,-2.25],[147.5,-2.5]]]},"properties":{"records":1,"species":1,"genera":1,"families":0,"top_genera":[["Crotalaria",1]],"top_species":[["Crotalaria incana",1]],"center":[-2.375,147.625]}},{"type":"Feature","geometry":{"type":"Polygon","coordinates":[[[147.5,-8.5],[147.75,-8.5],[147.75,-8.25],[147.5,-8.25],[147.5,-8.5]]]},"properties":{"records":1,"species":1,"genera":1,"families":0,"top_genera":[["Solanum",1]],"top_species":[["Solanum lasiocarpum",1]],"center":[-8.375,147.625]}},{"type":"Feature","geometry":{"type":"Polygon","coordinates":[[[142.0,-3.75],[142.25,-3.75],[142.25,-3.5],[142.0,-3.5],[142.0,-3.75]]]},"properties":{"records":1,"species":1,"genera":1,"families":0,"top_genera":[["Ficus",1]],"top_species":[["Ficus ampelos",1]],"center":[-3.625,142.125]}},{"type":"Feature","geometry":{"type":"Polygon","coordinates":[[[145.25,-4.75],[145.5,-4.75],[145.5,-4.5],[145.25,-4.5],[145.25,-4.75]]]},"properties":{"records":1,"species":1,"genera":1,"families":0,"top_genera":[["Ficus",1]],"top_species":[["Ficus subtrinervia",1]],"center":[-4.625,145.375]}},{"type":"Feature","geometry":{"type":"Polygon","coordinates":[[[143.25,-8.75],[143.5,-8.75],[143.5,-8.5],[143.25,-8.5],[143.25,-8.75]]]},"properties":{"records":1,"species":1,"genera":1,"families":0,"top_genera":[["Abelmoschus",1]],"top_species":[["Abelmoschus moschatus",1]],"center":[-8.625,143.375]}},{"type":"Feature","geometry":{"type":"Polygon","coordinates":[[[147.5,-5.5],[147.75,-5.5],[147.75,-5.25],[147.5,-5.25],[147.5,-5.5]]]},"properties":{"records":1,"species":1,"genera":1,"families":0,"top_genera":[["Ficus",1]],"top_species":[["Ficus subulata",1]],"center":[-5.375,147.625]}},{"type":"Feature","geometry":{"type":"Polygon","coordinates":[[[146.75,-0.75],[147.0,-0.75],[147.0,-0.5],[146.75,-0.5],[146.75,-0.75]]]},"properties":{"records":1,"species":1,"genera":1,"families":0,"top_genera":[["Trichosanthes",1]],"top_species":[["Trichosanthes hastata",1]],"center":[-0.625,146.875]}},{"type":"Feature","geometry":{"type":"Polygon","coordinates":[[[144.0,-7.25],[144.25,-7.25],[144.25,-7.0],[144.0,-7.0],[144.0,-7.25]]]},"properties":{"records":1,"species":1,"genera":1,"families":0,"top_genera":[["Mimosa",1]],"top_species":[["Mimosa pudica",1]],"center":[-7.125,144.125]}},{"type":"Feature","geometry":{"type":"Polygon","coordinates":[[[151.25,-11.25],[151.5,-11.25],[151.5,-11.0],[151.25,-11.0],[151.25,-11.25]]]},"properties":{"records":1,"species":1,"genera":1,"families":0,"top_genera":[["Portulaca",1]],"top_species":[["Portulaca pilosa",1]],"center":[-11.125,151.375]}},{"type":"Feature","geometry":{"type":"Polygon","coordinates":[[[151.0,0.0],[151.25,0.0],[151.25,0.25],[151.0,0.25],[151.0,0.0]]]},"properties":{"records":1,"species":1,"genera":1,"families":0,"top_genera":[["Solanum",1]],"top_species":[["Solanum torvum",1]],"center":[0.125,151.125]}},{"type":"Feature","geometry":{"type":"Polygon","coordinates":[[[152.0,0.0],[152.25,0.0],[152.25,0.25],[152.0,0.25],[152.0,0.0]]]},"properties":{"records":1,"species":1,"genera":1,"families":0,"top_genera":[["Solanum",1]],"top_species":[["Solanum torvum",1]],"center":[0.125,152.125]}},{"type":"Feature","geometry":{"type":"Polygon","coordinates":[[[147.75,-9.5],[148.0,-9.5],[148.0,-9.25],[147.75,-9.25],[147.75,-9.5]]]},"properties":{"records":1,"species":1,"genera":1,"families":0,"top_genera":[["Trichosanthes",1]],"top_species":[["Trichosanthes edulis",1]],"center":[-9.375,147.875]}},{"type":"Feature","geometry":{"type":"Polygon","coordinates":[[[149.5,0.0],[149.75,0.0],[149.75,0.25],[149.5,0.25],[149.5,0.0]]]},"properties":{"records":1,"species":1,"genera":1,"families":0,"top_genera":[["Solanum",1]],"top_species":[["Solanum torvum",1]],"center":[0.125,149.625]}},{"type":"Feature","geometry":{"type":"Polygon","coordinates":[[[146.5,-9.25],[146.75,-9.25],[146.75,-9.0],[146.5,-9.0],[146.5,-9.25]]]},"properties":{"records":1,"species":0,"genera":1,"families":0,"top_genera":[["Ficus",1]],"top_species":[],"center":[-9.125,146.625]}},{"type":"Feature","geometry":{"type":"Polygon","coordinates":[[[146.75,-2.0],[147.0,-2.0],[147.0,-1.75],[146.75,-1.75],[146.75,-2.0]]]},"properties":{"records":1,"species":1,"genera":1,"families":0,"top_genera":[["Passiflora",1]],"top_species":[["Passiflora foetida",1]],"center":[-1.875,146.875]}},{"type":"Feature","geometry":{"type":"Polygon","coordinates":[[[141.5,-9.25],[141.75,-9.25],[141.75,-9.0],[141.5,-9.0],[141.5,-9.25]]]},"properties":{"records":1,"species":0,"genera":1,"families":0,"top_genera":[["Ficus",1]],"top_species":[],"center":[-9.125,141.625]}},{"type":"Feature","geometry":{"type":"Polygon","coordinates":[[[142.5,-6.5],[142.75,-6.5],[142.75,-6.25],[142.5,-6.25],[142.5,-6.5]]]},"properties":{"records":1,"species":0,"genera":1,"families":0,"top_genera":[["Ficus",1]],"top_species":[],"center":[-6.375,142.625]}},{"type":"Feature","geometry":{"type":"Polygon","coordinates":[[[149.5,-4.75],[149.75,-4.75],[149.75,-4.5],[149.5,-4.5],[149.5,-4.75]]]},"properties":{"records":1,"species":1,"genera":1,"families":0,"top_genera":[["Morinda",1]],"top_species":[["Morinda citrifolia",1]],"center":[-4.625,149.625]}},{"type":"Feature","geometry":{"type":"Polygon","coordinates":[[[146.25,-8.75],[146.5,-8.75],[146.5,-8.5],[146.25,-8.5],[146.25,-8.75]]]},"properties":{"records":1,"species":0,"genera":1,"families":0,"top_genera":[["Ficus",1]],"top_species":[],"center":[-8.625,146.375]}},{"type":"Feature","geometry":{"type":"Polygon","coordinates":[[[152.0,-10.5],[152.25,-10.5],[152.25,-10.25],[152.0,-10.25],[152.0,-10.5]]]},"properties":{"records":1,"species":0,"genera":1,"families":0,"top_genera":[["Hibiscus",1]],"top_species":[],"center":[-10.375,152.125]}},{"type":"Feature","geometry":{"type":"Polygon","coordinates":[[[152.5,-11.25],[152.75,-11.25],[152.75,-11.0],[152.5,-11.0],[152.5,-11.25]]]},"properties":{"records":1,"species":1,"genera":1,"families":0,"top_genera":[["Cosmos",1]],"top_species":[["Cosmos sulphureus",1]],"center":[-11.125,152.625]}},{"type":"Feature","geometry":{"type":"Polygon","coordinates":[[[146.5,-5.75],[146.75,-5.75],[146.75,-5.5],[146.5,-5.5],[146.5,-5.75]]]},"properties":{"records":1,"species":0,"genera":1,"families":0,"top_genera":[["Passiflora",1]],"top_species":[],"center":[-5.625,146.625]}},{"type":"Feature","geometry":{"type":"Polygon","coordinates":[[[141.5,-6.25],[141.75,-6.25],[141.75,-6.0],[141.5,-6.0],[141.5,-6.25]]]},"properties":{"records":1,"species":1,"genera":1,"families":0,"top_genera":[["Hibiscus",1]],"top_species":[["Hibiscus archeri",1]],"center":[-6.125,141.625]}},{"type":"Feature","geometry":{"type":"Polygon","coordinates":[[[141.0,-8.0],[141.25,-8.0],[141.25,-7.75],[141.0,-7.75],[141.0,-8.0]]]},"properties":{"records":1,"species":0,"genera":1,"families":0,"top_genera":[["Polygonum",1]],"top_species":[],"center":[-7.875,141.125]}},{"type":"Feature","geometry":{"type":"Polygon","coordinates":[[[147.5,-2.25],[147.75,-2.25],[147.75,-2.0],[147.5,-2.0],[147.5,-2.25]]]},"properties":{"records":1,"species":1,"genera":1,"families":0,"top_genera":[["Rungia",1]],"top_species":[["Rungia klossii",1]],"center":[-2.125,147.625]}},{"type":"Feature","geometry":{"type":"Polygon","coordinates":[[[152.0,-10.75],[152.25,-10.75],[152.25,-10.5],[152.0,-10.5],[152.0,-10.75]]]},"properties":{"records":1,"species":1,"genera":1,"families":0,"top_genera":[["Portulaca",1]],"top_species":[["Portulaca pilosa",1]],"center":[-10.625,152.125]}},{"type":"Feature","geometry":{"type":"Polygon","coordinates":[[[159.25,-4.5],[159.5,-4.5],[159.5,-4.25],[159.25,-4.25],[159.25,-4.5]]]},"properties":{"records":1,"species":1,"genera":1,"families":0,"top_genera":[["Centella",1]],"top_species":[["Centella asiatica",1]],"center":[-4.375,159.375]}},{"type":"Feature","geometry":{"type":"Polygon","coordinates":[[[143.0,-3.0],[143.25,-3.0],[143.25,-2.75],[143.0,-2.75],[143.0,-3.0]]]},"properties":{"records":1,"species":1,"genera":1,"families":0,"top_genera":[["Psophocarpus",1]],"top_species":[["Psophocarpus tetragonolobus",1]],"center":[-2.875,143.125]}},{"type":"Feature","geometry":{"type":"Polygon","coordinates":[[[155.0,-6.5],[155.25,-6.5],[155.25,-6.25],[155.0,-6.25],[155.0,-6.5]]]},"properties":{"records":1,"species":1,"genera":1,"families":0,"top_genera":[["Albizia",1]],"top_species":[["Albizia salomonensis",1]],"center":[-6.375,155.125]}},{"type":"Feature","geometry":{"type":"Polygon","coordinates":[[[146.0,-5.75],[146.25,-5.75],[146.25,-5.5],[146.0,-5.5],[146.0,-5.75]]]},"properties":{"records":1,"species":1,"genera":1,"families":0,"top_genera":[["Trichosanthes",1]],"top_species":[["Trichosanthes ovigera",1]],"center":[-5.625,146.125]}},{"type":"Feature","geometry":{"type":"Polygon","coordinates":[[[147.0,-5.0],[147.25,-5.0],[147.25,-4.75],[147.0,-4.75],[147.0,-5.0]]]},"properties":{"records":1,"species":0,"genera":1,"families":0,"top_genera":[["Solanum",1]],"top_species":[],"center":[-4.875,147.125]}},{"type":"Feature","geometry":{"type":"Polygon","coordinates":[[[152.75,-9.0],[153.0,-9.0],[153.0,-8.75],[152.75,-8.75],[152.75,-9.0]]]},"properties":{"records":1,"species":1,"genera":1,"families":0,"top_genera":[["Cissus",1]],"top_species":[["Cissus aristata",1]],"center":[-8.875,152.875]}},{"type":"Feature","geometry":{"type":"Polygon","coordinates":[[[142.25,-9.25],[142.5,-9.25],[142.5,-9.0],[142.25,-9.0],[142.25,-9.25]]]},"properties":{"records":1,"species":1,"genera":1,"families":0,"top_genera":[["Corchorus",1]],"top_species":[["Corchorus aestuans",1]],"center":[-9.125,142.375]}},{"type":"Feature","geometry":{"type":"Polygon","coordinates":[[[145.0,-9.0],[145.25,-9.0],[145.25,-8.75],[145.0,-8.75],[145.0,-9.0]]]},"properties":{"records":1,"species":1,"genera":1,"families":0,"top_genera":[["Leucaena",1]],"top_species":[["Leucaena leucocephala",1]],"center":[-8.875,145.125]}},{"type":"Feature","geometry":{"type":"Polygon","coordinates":[[[143.5,-7.25],[143.75,-7.25],[143.75,-7.0],[143.5,-7.0],[143.5,-7.25]]]},"properties":{"records":1,"species":1,"genera":1,"families":0,"top_genera":[["Ficus",1]],"top_species":[["Ficus glandifera",1]],"center":[-7.125,143.625]}},{"type":"Feature","geometry":{"type":"Polygon","coordinates":[[[148.0,-8.0],[148.25,-8.0],[148.25,-7.75],[148.0,-7.75],[148.0,-8.0]]]},"properties":{"records":1,"species":1,"genera":1,"families":0,"top_genera":[["Solanum",1]],"top_species":[["Solanum anfractum",1]],"center":[-7.875,148.125]}},{"type":"Feature","geometry":{"type":"Polygon","coordinates":[[[141.0,-9.5],[141.25,-9.5],[141.25,-9.25],[141.0,-9.25],[141.0,-9.5]]]},"properties":{"records":1,"species":1,"genera":1,"families":0,"top_genera":[["Solanum",1]],"top_species":[["Solanum viridifolium",1]],"center":[-9.375,141.125]}},{"type":"Feature","geometry":{"type":"Polygon","coordinates":[[[157.0,-5.0],[157.25,-5.0],[157.25,-4.75],[157.0,-4.75],[157.0,-5.0]]]},"properties":{"records":1,"species":1,"genera":1,"families":0,"top_genera":[["Portulaca",1]],"top_species":[["Portulaca pilosa",1]],"center":[-4.875,157.125]}},{"type":"Feature","geometry":{"type":"Polygon","coordinates":[[[152.0,-10.0],[152.25,-10.0],[152.25,-9.75],[152.0,-9.75],[152.0,-10.0]]]},"properties":{"records":1,"species":1,"genera":1,"families":0,"top_genera":[["Ficus",1]],"top_species":[["Ficus erinobotrya",1]],"center":[-9.875,152.125]}},{"type":"Feature","geometry":{"type":"Polygon","coordinates":[[[153.5,-1.5],[153.75,-1.5],[153.75,-1.25],[153.5,-1.25],[153.5,-1.5]]]},"properties":{"records":1,"species":1,"genera":1,"families":0,"top_genera":[["Vigna",1]],"top_species":[["Vigna marina",1]],"center":[-1.375,153.625]}},{"type":"Feature","geometry":{"type":"Polygon","coordinates":[[[148.5,-8.0],[148.75,-8.0],[148.75,-7.75],[148.5,-7.75],[148.5,-8.0]]]},"properties":{"records":1,"species":1,"genera":1,"families":0,"top_genera":[["Solanum",1]],"top_species":[["Solanum wrightii",1]],"center":[-7.875,148.625]}},{"type":"Feature","geometry":{"type":"Polygon","coordinates":[[[141.25,-2.5],[141.5,-2.5],[141.5,-2.25],[141.25,-2.25],[141.25,-2.5]]]},"properties":{"records":1,"species":1,"genera":1,"families":0,"top_genera":[["Momordica",1]],"top_species":[["Momordica cochinchinensis",1]],"center":[-2.375,141.375]}},{"type":"Feature","geometry":{"type":"Polygon","coordinates":[[[156.25,-11.5],[156.5,-11.5],[156.5,-11.25],[156.25,-11.25],[156.25,-11.5]]]},"properties":{"records":1,"species":1,"genera":1,"families":0,"top_genera":[["Hibiscus",1]],"top_species":[["Hibiscus rosa-sinensis",1]],"center":[-11.375,156.375]}},{"type":"Feature","geometry":{"type":"Polygon","coordinates":[[[151.25,-4.25],[151.5,-4.25],[151.5,-4.0],[151.25,-4.0],[151.25,-4.25]]]},"properties":{"records":1,"species":1,"genera":1,"families":0,"top_genera":[["Clitoria",1]],"top_species":[["Clitoria ternatea",1]],"center":[-4.125,151.375]}},{"type":"Feature","geometry":{"type":"Polygon","coordinates":[[[152.5,-5.25],[152.75,-5.25],[152.75,-5.0],[152.5,-5.0],[152.5,-5.25]]]},"properties":{"records":1,"species":1,"genera":1,"families":0,"top_genera":[["Ficus",1]],"top_species":[["Ficus sangumae",1]],"center":[-5.125,152.625]}},{"type":"Feature","geometry":{"type":"Polygon","coordinates":[[[142.25,-7.75],[142.5,-7.75],[142.5,-7.5],[142.25,-7.5],[142.25,-7.75]]]},"properties":{"records":1,"species":1,"genera":1,"families":0,"top_genera":[["Mucuna",1]],"top_species":[["Mucuna bennettii",1]],"center":[-7.625,142.375]}},{"type":"Feature","geometry":{"type":"Polygon","coordinates":[[[153.5,-6.75],[153.75,-6.75],[153.75,-6.5],[153.5,-6.5],[153.5,-6.75]]]},"properties":{"records":1,"species":1,"genera":1,"families":0,"top_genera":[["Ficus",1]],"top_species":[["Ficus subulata",1]],"center":[-6.625,153.625]}},{"type":"Feature","geometry":{"type":"Polygon","coordinates":[[[146.5,-3.75],[146.75,-3.75],[146.75,-3.5],[146.5,-3.5],[146.5,-3.75]]]},"properties":{"records":1,"species":1,"genera":1,"families":0,"top_genera":[["Commelina",1]],"top_species":[["Commelina benghalensis",1]],"center":[-3.625,146.625]}},{"type":"Feature","geometry":{"type":"Polygon","coordinates":[[[153.5,-6.5],[153.75,-6.5],[153.75,-6.25],[153.5,-6.25],[153.5,-6.5]]]},"properties":{"records":1,"species":1,"genera":1,"families":0,"top_genera":[["Vernonia",1]],"top_species":[["Vernonia lanceolata",1]],"center":[-6.375,153.625]}},{"type":"Feature","geometry":{"type":"Polygon","coordinates":[[[150.25,-8.75],[150.5,-8.75],[150.5,-8.5],[150.25,-8.5],[150.25,-8.75]]]},"properties":{"records":1,"species":1,"genera":1,"families":0,"top_genera":[["Morinda",1]],"top_species":[["Morinda citrifolia",1]],"center":[-8.625,150.375]}},{"type":"Feature","geometry":{"type":"Polygon","coordinates":[[[142.0,-6.0],[142.25,-6.0],[142.25,-5.75],[142.0,-5.75],[142.0,-6.0]]]},"properties":{"records":1,"species":1,"genera":1,"families":0,"top_genera":[["Setaria",1]],"top_species":[["Setaria palmifolia",1]],"center":[-5.875,142.125]}},{"type":"Feature","geometry":{"type":"Polygon","coordinates":[[[158.75,-2.75],[159.0,-2.75],[159.0,-2.5],[158.75,-2.5],[158.75,-2.75]]]},"properties":{"records":1,"species":1,"genera":1,"families":0,"top_genera":[["Portulaca",1]],"top_species":[["Portulaca oleracea",1]],"center":[-2.625,158.875]}},{"type":"Feature","geometry":{"type":"Polygon","coordinates":[[[152.0,-11.0],[152.25,-11.0],[152.25,-10.75],[152.0,-10.75],[152.0,-11.0]]]},"properties":{"records":1,"species":0,"genera":1,"families":0,"top_genera":[["Portulaca",1]],"top_species":[],"center":[-10.875,152.125]}},{"type":"Feature","geometry":{"type":"Polygon","coordinates":[[[146.75,-3.75],[147.0,-3.75],[147.0,-3.5],[146.75,-3.5],[146.75,-3.75]]]},"properties":{"records":1,"species":1,"genera":1,"families":0,"top_genera":[["Abelmoschus",1]],"top_species":[["Abelmoschus manihot",1]],"center":[-3.625,146.875]}},{"type":"Feature","geometry":{"type":"Polygon","coordinates":[[[147.75,-4.75],[148.0,-4.75],[148.0,-4.5],[147.75,-4.5],[147.75,-4.75]]]},"properties":{"records":1,"species":1,"genera":1,"families":0,"top_genera":[["Ficus",1]],"top_species":[["Ficus trachypison",1]],"center":[-4.625,147.875]}},{"type":"Feature","geometry":{"type":"Polygon","coordinates":[[[141.5,0.0],[141.75,0.0],[141.75,0.25],[141.5,0.25],[141.5,0.0]]]},"properties":{"records":1,"species":1,"genera":1,"families":0,"top_genera":[["Ficus",1]],"top_species":[["Ficus virens",1]],"center":[0.125,141.625]}},{"type":"Feature","geometry":{"type":"Polygon","coordinates":[[[146.25,-5.25],[146.5,-5.25],[146.5,-5.0],[146.25,-5.0],[146.25,-5.25]]]},"properties":{"records":1,"species":1,"genera":1,"families":0,"top_genera":[["Crotalaria",1]],"top_species":[["Crotalaria linifolia",1]],"center":[-5.125,146.375]}},{"type":"Feature","geometry":{"type":"Polygon","coordinates":[[[144.0,0.0],[144.25,0.0],[144.25,0.25],[144.0,0.25],[144.0,0.0]]]},"properties":{"records":1,"species":1,"genera":1,"families":0,"top_genera":[["Ficus",1]],"top_species":[["Ficus hesperidiiformis",1]],"center":[0.125,144.125]}},{"type":"Feature","geometry":{"type":"Polygon","coordinates":[[[146.5,-3.25],[146.75,-3.25],[146.75,-3.0],[146.5,-3.0],[146.5,-3.25]]]},"properties":{"records":1,"species":1,"genera":1,"families":0,"top_genera":[["Crassocephalum",1]],"top_species":[["Crassocephalum crepidioides",1]],"center":[-3.125,146.625]}},{"type":"Feature","geometry":{"type":"Polygon","coordinates":[[[159.25,-4.75],[159.5,-4.75],[159.5,-4.5],[159.25,-4.5],[159.25,-4.75]]]},"properties":{"records":1,"species":1,"genera":1,"families":0,"top_genera":[["Centella",1]],"top_species":[["Centella asiatica",1]],"center":[-4.625,159.375]}},{"type":"Feature","geometry":{"type":"Polygon","coordinates":[[[143.0,-2.0],[143.25,-2.0],[143.25,-1.75],[143.0,-1.75],[143.0,-2.0]]]},"properties":{"records":1,"species":1,"genera":1,"families":0,"top_genera":[["Cucurbita",1]],"top_species":[["Cucurbita moschata",1]],"center":[-1.875,143.125]}},{"type":"Feature","geometry":{"type":"Polygon","coordinates":[[[147.0,-0.5],[147.25,-0.5],[147.25,-0.25],[147.0,-0.25],[147.0,-0.5]]]},"properties":{"records":1,"species":1,"genera":1,"families":0,"top_genera":[["Ficus",1]],"top_species":[["Ficus benjamina",1]],"center":[-0.375,147.125]}},{"type":"Feature","geometry":{"type":"Polygon","coordinates":[[[141.0,-0.25],[141.25,-0.25],[141.25,0.0],[141.0,0.0],[141.0,-0.25]]]},"properties":{"records":1,"species":1,"genera":1,"families":0,"top_genera":[["Ficus",1]],"top_species":[["Ficus subulata",1]],"center":[-0.125,141.125]}}]}